"type","url"
"posts-jet-popup","https://camaradesume.pb.gov.br/jet-popup/classic/"
"posts-jet-popup","https://camaradesume.pb.gov.br/jet-popup/despesa-fixada/"
"posts-jet-popup","https://camaradesume.pb.gov.br/jet-popup/empenhos/"
"posts-jet-popup","https://camaradesume.pb.gov.br/jet-popup/liquidacao/"
"posts-jet-popup","https://camaradesume.pb.gov.br/jet-popup/pagamentos/"
"posts-jet-popup","https://camaradesume.pb.gov.br/jet-popup/restos-a-pagar/"
"posts-jet-popup","https://camaradesume.pb.gov.br/jet-popup/subempenhos/"
"posts-jet-popup","https://camaradesume.pb.gov.br/jet-popup/receita-extra-orcamentaria/"
"posts-jet-popup","https://camaradesume.pb.gov.br/jet-popup/transferencias-recebidas/"
"posts-jet-popup","https://camaradesume.pb.gov.br/jet-popup/instrumentos-de-planejamento/"
"posts-jet-popup","https://camaradesume.pb.gov.br/jet-popup/pca/"
"posts-jet-popup","https://camaradesume.pb.gov.br/jet-popup/rgf/"
"posts-jet-popup","https://camaradesume.pb.gov.br/jet-popup/frota/"
"posts-jet-popup","https://camaradesume.pb.gov.br/jet-popup/folha-de-pagamento/"
"posts-jet-popup","https://camaradesume.pb.gov.br/jet-popup/plano-de-cargo-e-carreira/"
"posts-jet-popup","https://camaradesume.pb.gov.br/jet-popup/quadro-funcional/"
"posts-jet-popup","https://camaradesume.pb.gov.br/jet-popup/servidores-cedidos/"
"posts-jet-popup","https://camaradesume.pb.gov.br/jet-popup/servidores-temporarios/"
"posts-jet-popup","https://camaradesume.pb.gov.br/jet-popup/dados-abertos/"
"posts-jet-popup","https://camaradesume.pb.gov.br/jet-popup/diarias-e-viagens/"
"posts-jet-popup","https://camaradesume.pb.gov.br/jet-popup/leis-municipais/"
"posts-jet-popup","https://camaradesume.pb.gov.br/jet-popup/classic-2/"
"posts-rgf","https://camaradesume.pb.gov.br/rgf/rgf-1-quadrimestre-2023/"
"posts-rgf","https://camaradesume.pb.gov.br/rgf/rgf-2-quadrimestre-2023/"
"posts-rgf","https://camaradesume.pb.gov.br/rgf/rgf-3-quadrimestre-2023/"
"posts-rgf","https://camaradesume.pb.gov.br/rgf/rgf-1-quadrimestre-2024/"
"posts-rgf","https://camaradesume.pb.gov.br/rgf/rgf-2-quadrimestre-2024/"
"posts-rgf","https://camaradesume.pb.gov.br/rgf/rgf-3-quadrimestre-2024/"
"posts-rgf","https://camaradesume.pb.gov.br/rgf/rgf-1-quadrimestre-2025/"
"posts-rgf","https://camaradesume.pb.gov.br/rgf/rgf-1-quadrimestre-2022/"
"posts-rgf","https://camaradesume.pb.gov.br/rgf/rgf-2-quadrimestre-2022/"
"posts-rgf","https://camaradesume.pb.gov.br/rgf/rgf-3-quadrimestre-2022/"
"posts-rgf","https://camaradesume.pb.gov.br/rgf/rgf-2o-quadrimestre-2025/"
"posts-rgf","https://camaradesume.pb.gov.br/rgf/rgf-3o-quadrimestre-2025/"
"posts-estrutura-organiza","https://camaradesume.pb.gov.br/estrutura-organiza/organograma-2025/"
"posts-estrutura-organiza","https://camaradesume.pb.gov.br/estrutura-organiza/regulamentacao-da-estrutura-organizacional/"
"posts-parecer-contas","https://camaradesume.pb.gov.br/parecer-contas/parecer-contas-de-2018/"
"posts-parecer-contas","https://camaradesume.pb.gov.br/parecer-contas/parecer-contas-de-2019/"
"posts-parecer-contas","https://camaradesume.pb.gov.br/parecer-contas/parecer-contas-2020/"
"posts-pca","https://camaradesume.pb.gov.br/pca/plano-anual-de-contratacoes-2025/"
"posts-obras","https://camaradesume.pb.gov.br/obras/obras-ano-2023/"
"posts-obras","https://camaradesume.pb.gov.br/obras/obras-ano-2024/"
"posts-obras","https://camaradesume.pb.gov.br/obras/obras-ano-2022/"
"posts-obras","https://camaradesume.pb.gov.br/obras/obras-ano-2025/"
"posts-obras","https://camaradesume.pb.gov.br/obras/obras-ano-2026/"
"posts-concursos","https://camaradesume.pb.gov.br/concursos/concurso-2008/"
"posts-concursos","https://camaradesume.pb.gov.br/concursos/concursos-2024/"
"posts-concursos","https://camaradesume.pb.gov.br/concursos/declaracao-concursos-e-selecoes-publicas-2026/"
"posts-estagiarios","https://camaradesume.pb.gov.br/estagiarios/estagiarios-2023/"
"posts-estagiarios","https://camaradesume.pb.gov.br/estagiarios/estagiarios-2024/"
"posts-estagiarios","https://camaradesume.pb.gov.br/estagiarios/estagiarios-2022/"
"posts-estagiarios","https://camaradesume.pb.gov.br/estagiarios/estagiarios-2025/"
"posts-estagiarios","https://camaradesume.pb.gov.br/estagiarios/estagiarios-2026/"
"posts-terceirizados","https://camaradesume.pb.gov.br/terceirizados/terceirizados-2023/"
"posts-terceirizados","https://camaradesume.pb.gov.br/terceirizados/terceirizados-2024/"
"posts-terceirizados","https://camaradesume.pb.gov.br/terceirizados/terceirizados-2022/"
"posts-terceirizados","https://camaradesume.pb.gov.br/terceirizados/terceirizados-2025/"
"posts-terceirizados","https://camaradesume.pb.gov.br/terceirizados/terceirizados-2026/"
"posts-acordos","https://camaradesume.pb.gov.br/acordos/acordos-2023/"
"posts-acordos","https://camaradesume.pb.gov.br/acordos/acordo-2024/"
"posts-acordos","https://camaradesume.pb.gov.br/acordos/acordos-2022/"
"posts-acordos","https://camaradesume.pb.gov.br/acordos/acordo-2025/"
"posts-acordos","https://camaradesume.pb.gov.br/acordos/acordo-2026/"
"posts-transfrealizada","https://camaradesume.pb.gov.br/transfrealizada/transferencias-realizadas-2024/"
"posts-transfrealizada","https://camaradesume.pb.gov.br/transfrealizada/transferencias-realizadas-2023/"
"posts-transfrealizada","https://camaradesume.pb.gov.br/transfrealizada/transferencias-realizadas-2022/"
"posts-transfrealizada","https://camaradesume.pb.gov.br/transfrealizada/transferencias-realizadas-2025/"
"posts-transfrealizada","https://camaradesume.pb.gov.br/transfrealizada/transferencias-realizadas-2026/"
"posts-transfvoluntaria","https://camaradesume.pb.gov.br/transfvoluntaria/transferencias-recebidas-2024/"
"posts-transfvoluntaria","https://camaradesume.pb.gov.br/transfvoluntaria/transferencias-recebidas-2023/"
"posts-transfvoluntaria","https://camaradesume.pb.gov.br/transfvoluntaria/transferencias-recebidas-2022/"
"posts-transfvoluntaria","https://camaradesume.pb.gov.br/transfvoluntaria/transferencias-recebidas-2025/"
"posts-transfvoluntaria","https://camaradesume.pb.gov.br/transfvoluntaria/transferencias-recebidas-2026/"
"posts-verbas","https://camaradesume.pb.gov.br/verbas/verbas-2023/"
"posts-verbas","https://camaradesume.pb.gov.br/verbas/verbas-2025/"
"posts-verbas","https://camaradesume.pb.gov.br/verbas/verbas-2024/"
"posts-verbas","https://camaradesume.pb.gov.br/verbas/verbas-2022/"
"posts-verbas","https://camaradesume.pb.gov.br/verbas/verbas-2026/"
"posts-relatoriogestao","https://camaradesume.pb.gov.br/relatoriogestao/relatorio-de-gestao-das-atividades-2023-e-2024/"
"posts-relatoriogestao","https://camaradesume.pb.gov.br/relatoriogestao/relatorio-de-gestao-das-atividades-2025/"
"posts-relatoriogestao","https://camaradesume.pb.gov.br/relatoriogestao/relatorio-de-gestao-legislativa-marco-de-2025/"
"posts-relatoriogestao","https://camaradesume.pb.gov.br/relatoriogestao/relatorio-de-gestao-legislativa-abril-de-2025/"
"posts-relatoriogestao","https://camaradesume.pb.gov.br/relatoriogestao/relatorio-de-gestao-legislativa-maio-de-2025/"
"posts-relatoriogestao","https://camaradesume.pb.gov.br/relatoriogestao/relatorio-de-gestao-das-atividades-2022/"
"posts-relatoriogestao","https://camaradesume.pb.gov.br/relatoriogestao/relatorio-de-gestao-das-atividades-2023/"
"posts-relatoriogestao","https://camaradesume.pb.gov.br/relatoriogestao/relatorio-de-gestao-das-atividades-2021/"
"posts-relatoriogestao","https://camaradesume.pb.gov.br/relatoriogestao/relatorio-de-gestao-das-atividades-2025-2/"
"posts-carta-de-servicos","https://camaradesume.pb.gov.br/carta-de-servicos/carta-de-servicos-ao-usuarios-2025/"
"posts-plano-estrategico","https://camaradesume.pb.gov.br/plano-estrategico/planejamento-estrategico-2025/"
"posts-plano-estrategico","https://camaradesume.pb.gov.br/plano-estrategico/plano-estrategico-2026/"
"posts-apreciacao","https://camaradesume.pb.gov.br/apreciacao/pca-2021/"
"posts-apreciacao","https://camaradesume.pb.gov.br/apreciacao/pca-2022/"
"posts-apreciacao","https://camaradesume.pb.gov.br/apreciacao/pca-2023/"
"posts-prestacao-de-contas","https://camaradesume.pb.gov.br/prestacao-de-contas/pca-prestacao-de-contas-2021/"
"posts-prestacao-de-contas","https://camaradesume.pb.gov.br/prestacao-de-contas/pca-prestacao-de-contas-2022/"
"posts-prestacao-de-contas","https://camaradesume.pb.gov.br/prestacao-de-contas/pca-prestacao-de-contas-2023/"
"posts-prestacao-de-contas","https://camaradesume.pb.gov.br/prestacao-de-contas/pca-prestacao-de-contas-2024/"
"posts-satisfacao","https://camaradesume.pb.gov.br/satisfacao/pesquisa-de-satisfacao-2025/"
"posts-transparencia","https://camaradesume.pb.gov.br/transparencia/contratos/"
"posts-transparencia","https://camaradesume.pb.gov.br/transparencia/despesa-com-veiculos/"
"posts-transparencia","https://camaradesume.pb.gov.br/transparencia/despesas/"
"posts-transparencia","https://camaradesume.pb.gov.br/transparencia/despesas-com-covid-19/"
"posts-transparencia","https://camaradesume.pb.gov.br/transparencia/documentos-de-pagamentos/"
"posts-transparencia","https://camaradesume.pb.gov.br/transparencia/despesas-extra-orcamentaria-transferencias-financeiras/"
"posts-transparencia","https://camaradesume.pb.gov.br/transparencia/despesas-extra-orcamentarias/"
"posts-transparencia","https://camaradesume.pb.gov.br/transparencia/despesas-orcamentarias/"
"posts-transparencia","https://camaradesume.pb.gov.br/transparencia/execucao-da-despesa/"
"posts-transparencia","https://camaradesume.pb.gov.br/transparencia/e-sic/"
"posts-transparencia","https://camaradesume.pb.gov.br/transparencia/servidores-cedidos/"
"posts-transparencia","https://camaradesume.pb.gov.br/transparencia/rgf/"
"posts-transparencia","https://camaradesume.pb.gov.br/transparencia/regulamentacao-lai/"
"posts-transparencia","https://camaradesume.pb.gov.br/transparencia/receitas/"
"posts-transparencia","https://camaradesume.pb.gov.br/transparencia/receitas-com-o-covid-19/"
"posts-transparencia","https://camaradesume.pb.gov.br/transparencia/quadro-funcional/"
"posts-transparencia","https://camaradesume.pb.gov.br/transparencia/ppa/"
"posts-transparencia","https://camaradesume.pb.gov.br/transparencia/rreo/"
"posts-transparencia","https://camaradesume.pb.gov.br/transparencia/licitacoes-2/"
"posts-transparencia","https://camaradesume.pb.gov.br/transparencia/licitacoes/"
"posts-transparencia","https://camaradesume.pb.gov.br/transparencia/contratos-2/"
"posts-transparencia","https://camaradesume.pb.gov.br/transparencia/frota-de-veiculos/"
"posts-transparencia","https://camaradesume.pb.gov.br/transparencia/folha-de-pagamento/"
"posts-transparencia","https://camaradesume.pb.gov.br/transparencia/servidores-temporarios/"
"posts-transparencia","https://camaradesume.pb.gov.br/transparencia/receita-orcamentaria/"
"posts-transparencia","https://camaradesume.pb.gov.br/transparencia/receitas-com-covid-19/"
"posts-transparencia","https://camaradesume.pb.gov.br/transparencia/receita-extra-orcamentaria/"
"posts-transparencia","https://camaradesume.pb.gov.br/transparencia/receita-extra-orcamentaria-transferencias/"
"posts-transparencia","https://camaradesume.pb.gov.br/transparencia/receita-corrente-liquida/"
"posts-transparencia","https://camaradesume.pb.gov.br/transparencia/previsao-executiva-da-receita/"
"posts-transparencia","https://camaradesume.pb.gov.br/transparencia/demostrativos/"
"posts-transparencia","https://camaradesume.pb.gov.br/transparencia/demostrativo-financeiro-mensal/"
"posts-transparencia","https://camaradesume.pb.gov.br/transparencia/covid-19/"
"posts-transparencia","https://camaradesume.pb.gov.br/transparencia/doacoes-com-covid-19/"
"posts-transparencia","https://camaradesume.pb.gov.br/transparencia/despesas-com-diarias/"
"posts-transparencia","https://camaradesume.pb.gov.br/transparencia/editais-e-documentos-de-licitacoes/"
"posts-transparencia","https://camaradesume.pb.gov.br/transparencia/lei14129/"
"posts-transparencia","https://camaradesume.pb.gov.br/transparencia/dados-abertos/"
"posts-transparencia","https://camaradesume.pb.gov.br/transparencia/farmacia/"
"posts-transparencia","https://camaradesume.pb.gov.br/transparencia/aviso-de-licitacao/"
"posts-transparencia","https://camaradesume.pb.gov.br/transparencia/regimento-interno/"
"posts-transparencia","https://camaradesume.pb.gov.br/transparencia/regulamentacao-do-padrao-remuneratorio-servidores/"
"posts-transparencia","https://camaradesume.pb.gov.br/transparencia/regulamentacao-do-padrao-remuneratorio-vereadores/"
"posts-transparencia","https://camaradesume.pb.gov.br/transparencia/tabela-do-padrao-remuneratorio-vereadores-e-servidores/"
"posts-transparencia","https://camaradesume.pb.gov.br/transparencia/regulamentacao-das-diarias/"
"posts-transparencia","https://camaradesume.pb.gov.br/transparencia/tabela-das-diarias/"
"posts-transparencia","https://camaradesume.pb.gov.br/transparencia/organograma-funcional-cm-sume/"
"posts-historia","https://camaradesume.pb.gov.br/historia/historia-da-camara/"
"posts-a-legislativa","https://camaradesume.pb.gov.br/atividades-legislativa/lei-municipal-no-1-640-2025/"
"posts-a-legislativa","https://camaradesume.pb.gov.br/atividades-legislativa/lei-municipal-no-1-639-2025/"
"posts-a-legislativa","https://camaradesume.pb.gov.br/atividades-legislativa/lei-municipal-no-1-638-2024/"
"posts-a-legislativa","https://camaradesume.pb.gov.br/atividades-legislativa/lei-municipal-no-1-637-2024/"
"posts-a-legislativa","https://camaradesume.pb.gov.br/atividades-legislativa/lei-municipal-no-1-636-2024/"
"posts-a-legislativa","https://camaradesume.pb.gov.br/atividades-legislativa/lei-municipal-no-1-625-2024/"
"posts-a-legislativa","https://camaradesume.pb.gov.br/atividades-legislativa/lei-municipal-no-1-635-2024/"
"posts-a-legislativa","https://camaradesume.pb.gov.br/atividades-legislativa/lei-municipal-no-1-634-2024-damiao-rildo-da-silva/"
"posts-a-legislativa","https://camaradesume.pb.gov.br/atividades-legislativa/lei-municipal-no-1-633-2024-damiao-rildo-da-silva/"
"posts-a-legislativa","https://camaradesume.pb.gov.br/atividades-legislativa/lei-municipal-no-1-632-2024/"
"posts-a-legislativa","https://camaradesume.pb.gov.br/atividades-legislativa/lei-municipal-no-1-631-2024/"
"posts-a-legislativa","https://camaradesume.pb.gov.br/atividades-legislativa/lei-municipal-no-1-630-2024/"
"posts-a-legislativa","https://camaradesume.pb.gov.br/atividades-legislativa/lei-no-1-629-2024/"
"posts-a-legislativa","https://camaradesume.pb.gov.br/atividades-legislativa/lei-no-1-628-2024/"
"posts-a-legislativa","https://camaradesume.pb.gov.br/atividades-legislativa/lei-no-1-627-2024/"
"posts-a-legislativa","https://camaradesume.pb.gov.br/atividades-legislativa/lei-no-1-626-2024-vereador-damiao-rildo-da-silva/"
"posts-a-legislativa","https://camaradesume.pb.gov.br/atividades-legislativa/lei-no-1-624-2024/"
"posts-a-legislativa","https://camaradesume.pb.gov.br/atividades-legislativa/lei-no-1-623-2024/"
"posts-a-legislativa","https://camaradesume.pb.gov.br/atividades-legislativa/lei-no-1-622-2024/"
"posts-a-legislativa","https://camaradesume.pb.gov.br/atividades-legislativa/lei-no-1-621-2024/"
"posts-a-legislativa","https://camaradesume.pb.gov.br/atividades-legislativa/lei-no-1-620-2024/"
"posts-a-legislativa","https://camaradesume.pb.gov.br/atividades-legislativa/lei-no-1-619-2024-daniel-lela-araujo/"
"posts-a-legislativa","https://camaradesume.pb.gov.br/atividades-legislativa/lei-no-1-618-2024/"
"posts-a-legislativa","https://camaradesume.pb.gov.br/atividades-legislativa/lei-no-1-617-2024/"
"posts-a-legislativa","https://camaradesume.pb.gov.br/atividades-legislativa/lei-no-1-616-2024/"
"posts-a-legislativa","https://camaradesume.pb.gov.br/atividades-legislativa/lei-no-1-615-2024/"
"posts-a-legislativa","https://camaradesume.pb.gov.br/atividades-legislativa/lei-no-1-614-2024/"
"posts-a-legislativa","https://camaradesume.pb.gov.br/atividades-legislativa/lei-no-1-613-2024/"
"posts-a-legislativa","https://camaradesume.pb.gov.br/atividades-legislativa/lei-no-1-612-2024/"
"posts-a-legislativa","https://camaradesume.pb.gov.br/atividades-legislativa/lei-no-1-611-2024/"
"posts-a-legislativa","https://camaradesume.pb.gov.br/atividades-legislativa/lei-no-1-610-2024/"
"posts-a-legislativa","https://camaradesume.pb.gov.br/atividades-legislativa/lei-no-1-609-2024/"
"posts-a-legislativa","https://camaradesume.pb.gov.br/atividades-legislativa/lei-no-1-608-2024/"
"posts-a-legislativa","https://camaradesume.pb.gov.br/atividades-legislativa/lei-no-1-607-2024/"
"posts-a-legislativa","https://camaradesume.pb.gov.br/atividades-legislativa/lei-no-1-605-2024/"
"posts-a-legislativa","https://camaradesume.pb.gov.br/atividades-legislativa/lei-no-1-606-2024/"
"posts-a-legislativa","https://camaradesume.pb.gov.br/atividades-legislativa/lei-no-1-604-2024/"
"posts-a-legislativa","https://camaradesume.pb.gov.br/atividades-legislativa/lei-no-1-603-2024/"
"posts-a-legislativa","https://camaradesume.pb.gov.br/atividades-legislativa/lei-no-1-602-2024/"
"posts-a-legislativa","https://camaradesume.pb.gov.br/atividades-legislativa/lei-no-1-601-2024/"
"posts-a-legislativa","https://camaradesume.pb.gov.br/atividades-legislativa/lei-no-1-600-2023/"
"posts-a-legislativa","https://camaradesume.pb.gov.br/atividades-legislativa/lei-no-1-599-2023/"
"posts-a-legislativa","https://camaradesume.pb.gov.br/atividades-legislativa/lei-no-1-598-2023/"
"posts-a-legislativa","https://camaradesume.pb.gov.br/atividades-legislativa/lei-no-1-597-2023/"
"posts-a-legislativa","https://camaradesume.pb.gov.br/atividades-legislativa/lei-no-1-597-2023-2/"
"posts-a-legislativa","https://camaradesume.pb.gov.br/atividades-legislativa/lei-no-1-595-2023/"
"posts-a-legislativa","https://camaradesume.pb.gov.br/atividades-legislativa/lei-no-1-594-2023/"
"posts-a-legislativa","https://camaradesume.pb.gov.br/atividades-legislativa/lei-no-1-593-2023/"
"posts-a-legislativa","https://camaradesume.pb.gov.br/atividades-legislativa/lei-no-1-592-2023/"
"posts-a-legislativa","https://camaradesume.pb.gov.br/atividades-legislativa/lei-no-1-591-2023/"
"posts-a-legislativa","https://camaradesume.pb.gov.br/atividades-legislativa/lei-no-1-590-2023/"
"posts-a-legislativa","https://camaradesume.pb.gov.br/atividades-legislativa/lei-no-1-589-2023/"
"posts-a-legislativa","https://camaradesume.pb.gov.br/atividades-legislativa/lei-no-1-588-2023/"
"posts-a-legislativa","https://camaradesume.pb.gov.br/atividades-legislativa/lei-no-1-587-2023/"
"posts-a-legislativa","https://camaradesume.pb.gov.br/atividades-legislativa/lei-no-1-586-2023/"
"posts-a-legislativa","https://camaradesume.pb.gov.br/atividades-legislativa/lei-no-1-585-2023/"
"posts-a-legislativa","https://camaradesume.pb.gov.br/atividades-legislativa/lei-no-1-584-2023/"
"posts-a-legislativa","https://camaradesume.pb.gov.br/atividades-legislativa/lei-no-1-583-2023/"
"posts-a-legislativa","https://camaradesume.pb.gov.br/atividades-legislativa/lei-no-1-582-2023/"
"posts-a-legislativa","https://camaradesume.pb.gov.br/atividades-legislativa/lei-no-1-581-2023/"
"posts-a-legislativa","https://camaradesume.pb.gov.br/atividades-legislativa/lei-no-1-580-2023/"
"posts-a-legislativa","https://camaradesume.pb.gov.br/atividades-legislativa/lei-no-1-579-2023/"
"posts-a-legislativa","https://camaradesume.pb.gov.br/atividades-legislativa/lei-no-1-578-2023/"
"posts-a-legislativa","https://camaradesume.pb.gov.br/atividades-legislativa/lei-no-1-577-2023/"
"posts-a-legislativa","https://camaradesume.pb.gov.br/atividades-legislativa/lei-no-1-576-2023/"
"posts-a-legislativa","https://camaradesume.pb.gov.br/atividades-legislativa/lei-no-1-575-2023/"
"posts-a-legislativa","https://camaradesume.pb.gov.br/atividades-legislativa/lei-no-1-574-2023/"
"posts-a-legislativa","https://camaradesume.pb.gov.br/atividades-legislativa/lei-no-1-573-2023/"
"posts-a-legislativa","https://camaradesume.pb.gov.br/atividades-legislativa/lei-no-1-572-2023/"
"posts-a-legislativa","https://camaradesume.pb.gov.br/atividades-legislativa/lei-no-1-571-2023/"
"posts-a-legislativa","https://camaradesume.pb.gov.br/atividades-legislativa/lei-no-1-570-2023/"
"posts-a-legislativa","https://camaradesume.pb.gov.br/atividades-legislativa/lei-no-1-569-2023/"
"posts-a-legislativa","https://camaradesume.pb.gov.br/atividades-legislativa/lei-no-1-568-2023/"
"posts-a-legislativa","https://camaradesume.pb.gov.br/atividades-legislativa/lei-no-1-567-2023/"
"posts-a-legislativa","https://camaradesume.pb.gov.br/atividades-legislativa/lei-no-1-566-2023/"
"posts-a-legislativa","https://camaradesume.pb.gov.br/atividades-legislativa/lei-no-1-565-2023/"
"posts-a-legislativa","https://camaradesume.pb.gov.br/atividades-legislativa/lei-no-1-564-2023/"
"posts-a-legislativa","https://camaradesume.pb.gov.br/atividades-legislativa/lei-no-1-563-2023/"
"posts-a-legislativa","https://camaradesume.pb.gov.br/atividades-legislativa/lei-no-1-562-2023/"
"posts-a-legislativa","https://camaradesume.pb.gov.br/atividades-legislativa/lei-no-1-561-2023/"
"posts-a-legislativa","https://camaradesume.pb.gov.br/atividades-legislativa/lei-no-1-560-2023/"
"posts-a-legislativa","https://camaradesume.pb.gov.br/atividades-legislativa/lei-no-1-559-2023/"
"posts-a-legislativa","https://camaradesume.pb.gov.br/atividades-legislativa/lei-no-1-558-2023/"
"posts-a-legislativa","https://camaradesume.pb.gov.br/atividades-legislativa/lei-no-1-557-2023/"
"posts-a-legislativa","https://camaradesume.pb.gov.br/atividades-legislativa/lei-no-1-556-2023/"
"posts-a-legislativa","https://camaradesume.pb.gov.br/atividades-legislativa/lei-no-1-555-2023/"
"posts-a-legislativa","https://camaradesume.pb.gov.br/atividades-legislativa/lei-no-1-554-2023/"
"posts-a-legislativa","https://camaradesume.pb.gov.br/atividades-legislativa/lei-no-1-553-2023/"
"posts-a-legislativa","https://camaradesume.pb.gov.br/atividades-legislativa/lei-no-1-552-2023/"
"posts-a-legislativa","https://camaradesume.pb.gov.br/atividades-legislativa/lei-no-1-551-2023/"
"posts-a-legislativa","https://camaradesume.pb.gov.br/atividades-legislativa/lei-no-1-550-2023/"
"posts-a-legislativa","https://camaradesume.pb.gov.br/atividades-legislativa/lei-no-1-549-2023/"
"posts-a-legislativa","https://camaradesume.pb.gov.br/atividades-legislativa/lei-no-1-548-2023/"
"posts-a-legislativa","https://camaradesume.pb.gov.br/atividades-legislativa/lei-no-1-547-2023/"
"posts-a-legislativa","https://camaradesume.pb.gov.br/atividades-legislativa/lei-no-1-546-2023/"
"posts-a-legislativa","https://camaradesume.pb.gov.br/atividades-legislativa/lei-no-1-545-2023/"
"posts-a-legislativa","https://camaradesume.pb.gov.br/atividades-legislativa/lei-no-1-544-2023/"
"posts-a-legislativa","https://camaradesume.pb.gov.br/atividades-legislativa/lei-no-1-543-2023/"
"posts-a-legislativa","https://camaradesume.pb.gov.br/atividades-legislativa/lei-no-1-542-2023/"
"posts-a-legislativa","https://camaradesume.pb.gov.br/atividades-legislativa/lei-no-1-541-2023/"
"posts-a-legislativa","https://camaradesume.pb.gov.br/atividades-legislativa/lei-no-1-540-2023/"
"posts-a-legislativa","https://camaradesume.pb.gov.br/atividades-legislativa/lei-no-1-539-2023/"
"posts-a-legislativa","https://camaradesume.pb.gov.br/atividades-legislativa/lei-no-1-538-2023/"
"posts-a-legislativa","https://camaradesume.pb.gov.br/atividades-legislativa/lei-no-1-537-2023/"
"posts-a-legislativa","https://camaradesume.pb.gov.br/atividades-legislativa/lei-no-1-536-2023/"
"posts-a-legislativa","https://camaradesume.pb.gov.br/atividades-legislativa/lei-no-1-535-2023/"
"posts-a-legislativa","https://camaradesume.pb.gov.br/atividades-legislativa/lei-no-1-534-2023/"
"posts-a-legislativa","https://camaradesume.pb.gov.br/atividades-legislativa/lei-no-1-533-2023/"
"posts-a-legislativa","https://camaradesume.pb.gov.br/atividades-legislativa/lei-no-1-532-2023/"
"posts-a-legislativa","https://camaradesume.pb.gov.br/atividades-legislativa/lei-no-1-531-2023/"
"posts-a-legislativa","https://camaradesume.pb.gov.br/atividades-legislativa/lei-no-1-530-2023/"
"posts-a-legislativa","https://camaradesume.pb.gov.br/atividades-legislativa/lei-no-1-529-2023/"
"posts-a-legislativa","https://camaradesume.pb.gov.br/atividades-legislativa/lei-no-1-528-2023/"
"posts-a-legislativa","https://camaradesume.pb.gov.br/atividades-legislativa/lei-no-1-527-2023/"
"posts-a-legislativa","https://camaradesume.pb.gov.br/atividades-legislativa/lei-no-1-526-2023/"
"posts-a-legislativa","https://camaradesume.pb.gov.br/atividades-legislativa/lei-no-1-525-2023/"
"posts-a-legislativa","https://camaradesume.pb.gov.br/atividades-legislativa/lei-no-1-524-2023/"
"posts-a-legislativa","https://camaradesume.pb.gov.br/atividades-legislativa/lei-no-1-523-2023/"
"posts-a-legislativa","https://camaradesume.pb.gov.br/atividades-legislativa/lei-no-1-522-2023/"
"posts-a-legislativa","https://camaradesume.pb.gov.br/atividades-legislativa/lei-no-1-521-2023/"
"posts-a-legislativa","https://camaradesume.pb.gov.br/atividades-legislativa/lei-no-1-520-2023/"
"posts-a-legislativa","https://camaradesume.pb.gov.br/atividades-legislativa/lei-no-1-519-2023/"
"posts-a-legislativa","https://camaradesume.pb.gov.br/atividades-legislativa/lei-no-1-518-2023/"
"posts-a-legislativa","https://camaradesume.pb.gov.br/atividades-legislativa/lei-no-1-517-2023/"
"posts-a-legislativa","https://camaradesume.pb.gov.br/atividades-legislativa/lei-no-1-516-2023/"
"posts-a-legislativa","https://camaradesume.pb.gov.br/atividades-legislativa/lei-no-1-515-2022/"
"posts-a-legislativa","https://camaradesume.pb.gov.br/atividades-legislativa/lei-no-1-514-2022/"
"posts-a-legislativa","https://camaradesume.pb.gov.br/atividades-legislativa/lei-no-1-513-2022/"
"posts-a-legislativa","https://camaradesume.pb.gov.br/atividades-legislativa/lei-no-1-512-2022/"
"posts-a-legislativa","https://camaradesume.pb.gov.br/atividades-legislativa/lei-no-1-511-2022/"
"posts-a-legislativa","https://camaradesume.pb.gov.br/atividades-legislativa/lei-no-1-510-2022/"
"posts-a-legislativa","https://camaradesume.pb.gov.br/atividades-legislativa/lei-no-1-509-2022/"
"posts-a-legislativa","https://camaradesume.pb.gov.br/atividades-legislativa/lei-no-1-507-2022/"
"posts-a-legislativa","https://camaradesume.pb.gov.br/atividades-legislativa/lei-no-1-508-2022/"
"posts-a-legislativa","https://camaradesume.pb.gov.br/atividades-legislativa/lei-no-1-506-2022/"
"posts-a-legislativa","https://camaradesume.pb.gov.br/atividades-legislativa/lei-complementar-no-0044-2022/"
"posts-a-legislativa","https://camaradesume.pb.gov.br/atividades-legislativa/veto-no-0001-2022/"
"posts-a-legislativa","https://camaradesume.pb.gov.br/atividades-legislativa/13191/"
"posts-a-legislativa","https://camaradesume.pb.gov.br/atividades-legislativa/lei-no-1-504-2022/"
"posts-a-legislativa","https://camaradesume.pb.gov.br/atividades-legislativa/lei-no-1-502-2022/"
"posts-a-legislativa","https://camaradesume.pb.gov.br/atividades-legislativa/lei-no-1-500-2022/"
"posts-a-legislativa","https://camaradesume.pb.gov.br/atividades-legislativa/lei-no-1-499-2022/"
"posts-a-legislativa","https://camaradesume.pb.gov.br/atividades-legislativa/lei-no-1-498-2022/"
"posts-a-legislativa","https://camaradesume.pb.gov.br/atividades-legislativa/lei-no-1-496-2022/"
"posts-a-legislativa","https://camaradesume.pb.gov.br/atividades-legislativa/lei-no-1-495-2022/"
"posts-a-legislativa","https://camaradesume.pb.gov.br/atividades-legislativa/lei-no-1-494-2022/"
"posts-a-legislativa","https://camaradesume.pb.gov.br/atividades-legislativa/lei-no-1-493-2022/"
"posts-a-legislativa","https://camaradesume.pb.gov.br/atividades-legislativa/lei-no-1-492-2022/"
"posts-a-legislativa","https://camaradesume.pb.gov.br/atividades-legislativa/lei-no-1-491-2022/"
"posts-a-legislativa","https://camaradesume.pb.gov.br/atividades-legislativa/lei-no-1-490-2022/"
"posts-a-legislativa","https://camaradesume.pb.gov.br/atividades-legislativa/lei-no-1-489-2022/"
"posts-a-legislativa","https://camaradesume.pb.gov.br/atividades-legislativa/lei-no-1-488-2022/"
"posts-a-legislativa","https://camaradesume.pb.gov.br/atividades-legislativa/lei-no-1-487-2022/"
"posts-a-legislativa","https://camaradesume.pb.gov.br/atividades-legislativa/lei-no-1-486-2022/"
"posts-a-legislativa","https://camaradesume.pb.gov.br/atividades-legislativa/lei-no-1-485-2022/"
"posts-a-legislativa","https://camaradesume.pb.gov.br/atividades-legislativa/lei-no-1-483-2022/"
"posts-a-legislativa","https://camaradesume.pb.gov.br/atividades-legislativa/lei-no-1-482-2022/"
"posts-a-legislativa","https://camaradesume.pb.gov.br/atividades-legislativa/lei-no-1-481-2022/"
"posts-a-legislativa","https://camaradesume.pb.gov.br/atividades-legislativa/lei-no-1-480-2022/"
"posts-a-legislativa","https://camaradesume.pb.gov.br/atividades-legislativa/lei-no-1-479-2022/"
"posts-a-legislativa","https://camaradesume.pb.gov.br/atividades-legislativa/lei-no-1-478-2022/"
"posts-a-legislativa","https://camaradesume.pb.gov.br/atividades-legislativa/lei-no-1-475-2022/"
"posts-a-legislativa","https://camaradesume.pb.gov.br/atividades-legislativa/lei-no-1-474-2022/"
"posts-a-legislativa","https://camaradesume.pb.gov.br/atividades-legislativa/lei-no-1-473-2022/"
"posts-a-legislativa","https://camaradesume.pb.gov.br/atividades-legislativa/lei-no-1-470-2022/"
"posts-a-legislativa","https://camaradesume.pb.gov.br/atividades-legislativa/lei-no-1-469-2022/"
"posts-a-legislativa","https://camaradesume.pb.gov.br/atividades-legislativa/lei-no-1-468-2022/"
"posts-a-legislativa","https://camaradesume.pb.gov.br/atividades-legislativa/lei-no-1-467-2022/"
"posts-a-legislativa","https://camaradesume.pb.gov.br/atividades-legislativa/lei-no-1-466-2022/"
"posts-a-legislativa","https://camaradesume.pb.gov.br/atividades-legislativa/lei-no-1-463-2022/"
"posts-a-legislativa","https://camaradesume.pb.gov.br/atividades-legislativa/lei-no-1-464-2022/"
"posts-a-legislativa","https://camaradesume.pb.gov.br/atividades-legislativa/lei-no-1-462-2022/"
"posts-a-legislativa","https://camaradesume.pb.gov.br/atividades-legislativa/lei-no-1-461-2022/"
"posts-a-legislativa","https://camaradesume.pb.gov.br/atividades-legislativa/lei-no-1-460-2022/"
"posts-a-legislativa","https://camaradesume.pb.gov.br/atividades-legislativa/lei-no-1-450/"
"posts-a-legislativa","https://camaradesume.pb.gov.br/atividades-legislativa/lei-no-1-451-2021/"
"posts-a-legislativa","https://camaradesume.pb.gov.br/atividades-legislativa/lei-no-1-452-2021/"
"posts-a-legislativa","https://camaradesume.pb.gov.br/atividades-legislativa/lei-no-1-454-2021/"
"posts-a-legislativa","https://camaradesume.pb.gov.br/atividades-legislativa/lei-no-1-453-2021/"
"posts-a-legislativa","https://camaradesume.pb.gov.br/atividades-legislativa/lei-no-1-455-2021/"
"posts-a-legislativa","https://camaradesume.pb.gov.br/atividades-legislativa/lei-no-1-456-2021/"
"posts-a-legislativa","https://camaradesume.pb.gov.br/atividades-legislativa/lei-no-1-457-2021/"
"posts-a-legislativa","https://camaradesume.pb.gov.br/atividades-legislativa/lei-no-1-458-2021/"
"posts-a-legislativa","https://camaradesume.pb.gov.br/atividades-legislativa/lei-no-1-459-2021/"
"posts-a-legislativa","https://camaradesume.pb.gov.br/atividades-legislativa/lei-no-1-449-2021/"
"posts-a-legislativa","https://camaradesume.pb.gov.br/atividades-legislativa/lei-no-1-448-2021/"
"posts-a-legislativa","https://camaradesume.pb.gov.br/atividades-legislativa/lei-no-1-447-2021/"
"posts-a-legislativa","https://camaradesume.pb.gov.br/atividades-legislativa/lei-complementar-no-0041-2021/"
"posts-a-legislativa","https://camaradesume.pb.gov.br/atividades-legislativa/lei-no-1-446-2021/"
"posts-a-legislativa","https://camaradesume.pb.gov.br/atividades-legislativa/lei-no-1-445-2021/"
"posts-a-legislativa","https://camaradesume.pb.gov.br/atividades-legislativa/lei-no-1-444-2021/"
"posts-a-legislativa","https://camaradesume.pb.gov.br/atividades-legislativa/lei-no-1-443-2021/"
"posts-a-legislativa","https://camaradesume.pb.gov.br/atividades-legislativa/lei-no-1-442-2021/"
"posts-a-legislativa","https://camaradesume.pb.gov.br/atividades-legislativa/lei-no-1-441-2021/"
"posts-a-legislativa","https://camaradesume.pb.gov.br/atividades-legislativa/lei-no-1-440-2021/"
"posts-a-legislativa","https://camaradesume.pb.gov.br/atividades-legislativa/lei-no-1-439-2021/"
"posts-a-legislativa","https://camaradesume.pb.gov.br/atividades-legislativa/lei-no-1-438-2021/"
"posts-a-legislativa","https://camaradesume.pb.gov.br/atividades-legislativa/lei-no-1-437-2021/"
"posts-a-legislativa","https://camaradesume.pb.gov.br/atividades-legislativa/lei-no-1-436-2021/"
"posts-a-legislativa","https://camaradesume.pb.gov.br/atividades-legislativa/lei-no-1-435-2021/"
"posts-a-legislativa","https://camaradesume.pb.gov.br/atividades-legislativa/lei-no-1-434-2021/"
"posts-a-legislativa","https://camaradesume.pb.gov.br/atividades-legislativa/lei-complementar-no-0040-2021/"
"posts-a-legislativa","https://camaradesume.pb.gov.br/atividades-legislativa/lei-no-1-432-2021/"
"posts-a-legislativa","https://camaradesume.pb.gov.br/atividades-legislativa/lei-no-1-431-2021/"
"posts-a-legislativa","https://camaradesume.pb.gov.br/atividades-legislativa/lei-no-1-430-2021/"
"posts-a-legislativa","https://camaradesume.pb.gov.br/atividades-legislativa/lei-no-1-429-2021/"
"posts-a-legislativa","https://camaradesume.pb.gov.br/atividades-legislativa/lei-no-1-428-2021/"
"posts-a-legislativa","https://camaradesume.pb.gov.br/atividades-legislativa/lei-no-1-427-2021/"
"posts-a-legislativa","https://camaradesume.pb.gov.br/atividades-legislativa/lei-no-1-426-2021/"
"posts-a-legislativa","https://camaradesume.pb.gov.br/atividades-legislativa/lei-no-1-425-2021/"
"posts-a-legislativa","https://camaradesume.pb.gov.br/atividades-legislativa/lei-no-1-424-2021/"
"posts-a-legislativa","https://camaradesume.pb.gov.br/atividades-legislativa/lei-no-1-423-2021/"
"posts-a-legislativa","https://camaradesume.pb.gov.br/atividades-legislativa/lei-no-1-422-2021/"
"posts-a-legislativa","https://camaradesume.pb.gov.br/atividades-legislativa/lei-no-1-421-2021/"
"posts-a-legislativa","https://camaradesume.pb.gov.br/atividades-legislativa/lei-no-1-420-2021/"
"posts-a-legislativa","https://camaradesume.pb.gov.br/atividades-legislativa/lei-no-1-419-2021/"
"posts-a-legislativa","https://camaradesume.pb.gov.br/atividades-legislativa/lei-no-1-418-2021/"
"posts-a-legislativa","https://camaradesume.pb.gov.br/atividades-legislativa/lei-no-1-417-2021/"
"posts-a-legislativa","https://camaradesume.pb.gov.br/atividades-legislativa/lei-no-1-415-2021/"
"posts-a-legislativa","https://camaradesume.pb.gov.br/atividades-legislativa/lei-no-1-413-2021/"
"posts-a-legislativa","https://camaradesume.pb.gov.br/atividades-legislativa/lei-no-1-416-2021/"
"posts-a-legislativa","https://camaradesume.pb.gov.br/atividades-legislativa/lei-no-1-414-2021/"
"posts-a-legislativa","https://camaradesume.pb.gov.br/atividades-legislativa/lei-no-1-412-2021/"
"posts-a-legislativa","https://camaradesume.pb.gov.br/atividades-legislativa/lei-no-1-411-2021/"
"posts-a-legislativa","https://camaradesume.pb.gov.br/atividades-legislativa/lei-no-1-410-2021/"
"posts-a-legislativa","https://camaradesume.pb.gov.br/atividades-legislativa/lei-no-1-409-2021/"
"posts-a-legislativa","https://camaradesume.pb.gov.br/atividades-legislativa/lei-no-1-408-2021/"
"posts-a-legislativa","https://camaradesume.pb.gov.br/atividades-legislativa/lei-no-1-407-2021/"
"posts-a-legislativa","https://camaradesume.pb.gov.br/atividades-legislativa/lei-no-1-406-2021/"
"posts-a-legislativa","https://camaradesume.pb.gov.br/atividades-legislativa/lei-no-1-405-2021/"
"posts-a-legislativa","https://camaradesume.pb.gov.br/atividades-legislativa/lei-no-1-404-2021/"
"posts-a-legislativa","https://camaradesume.pb.gov.br/atividades-legislativa/lei-no-1-403-2021/"
"posts-a-legislativa","https://camaradesume.pb.gov.br/atividades-legislativa/lei-no-1-400-2020/"
"posts-a-legislativa","https://camaradesume.pb.gov.br/atividades-legislativa/lei-no-1-399-2020/"
"posts-a-legislativa","https://camaradesume.pb.gov.br/atividades-legislativa/lei-no-1-398-2020/"
"posts-a-legislativa","https://camaradesume.pb.gov.br/atividades-legislativa/lei-no-1-397-2020/"
"posts-a-legislativa","https://camaradesume.pb.gov.br/atividades-legislativa/lei-no-1-396-2020/"
"posts-a-legislativa","https://camaradesume.pb.gov.br/atividades-legislativa/lei-no-1-395-2020/"
"posts-a-legislativa","https://camaradesume.pb.gov.br/atividades-legislativa/lei-no-1-394-2020/"
"posts-a-legislativa","https://camaradesume.pb.gov.br/atividades-legislativa/lei-no-1-393-2020/"
"posts-a-legislativa","https://camaradesume.pb.gov.br/atividades-legislativa/lei-no-1-392-2020/"
"posts-a-legislativa","https://camaradesume.pb.gov.br/atividades-legislativa/lei-no-1-391-2020/"
"posts-a-legislativa","https://camaradesume.pb.gov.br/atividades-legislativa/lei-no-1-390-2020/"
"posts-a-legislativa","https://camaradesume.pb.gov.br/atividades-legislativa/lei-no-1-389-2020/"
"posts-a-legislativa","https://camaradesume.pb.gov.br/atividades-legislativa/lei-no-1-388-2020/"
"posts-a-legislativa","https://camaradesume.pb.gov.br/atividades-legislativa/lei-no-1-386-2020/"
"posts-a-legislativa","https://camaradesume.pb.gov.br/atividades-legislativa/lei-no-1-385-2020/"
"posts-a-legislativa","https://camaradesume.pb.gov.br/atividades-legislativa/lei-no-1-384-2020/"
"posts-a-legislativa","https://camaradesume.pb.gov.br/atividades-legislativa/lei-no-1-383-2020/"
"posts-a-legislativa","https://camaradesume.pb.gov.br/atividades-legislativa/lei-no-1-382-2020/"
"posts-a-legislativa","https://camaradesume.pb.gov.br/atividades-legislativa/lei-no-1-381-2020/"
"posts-a-legislativa","https://camaradesume.pb.gov.br/atividades-legislativa/lei-no-1-380-2020/"
"posts-a-legislativa","https://camaradesume.pb.gov.br/atividades-legislativa/lei-no-1-387-2020/"
"posts-a-legislativa","https://camaradesume.pb.gov.br/atividades-legislativa/lei-no-1-379-2020/"
"posts-a-legislativa","https://camaradesume.pb.gov.br/atividades-legislativa/lei-no-1-378-2020/"
"posts-a-legislativa","https://camaradesume.pb.gov.br/atividades-legislativa/lei-no-1-377-2020/"
"posts-a-legislativa","https://camaradesume.pb.gov.br/atividades-legislativa/lei-no-1-376-2020/"
"posts-a-legislativa","https://camaradesume.pb.gov.br/atividades-legislativa/lei-no-1-374-2020/"
"posts-a-legislativa","https://camaradesume.pb.gov.br/atividades-legislativa/lei-no-1-373-2020/"
"posts-a-legislativa","https://camaradesume.pb.gov.br/atividades-legislativa/lei-no-1-372-2020-2/"
"posts-a-legislativa","https://camaradesume.pb.gov.br/atividades-legislativa/lei-no-1-371-2020/"
"posts-a-legislativa","https://camaradesume.pb.gov.br/atividades-legislativa/lei-no-1-370-2020/"
"posts-a-legislativa","https://camaradesume.pb.gov.br/atividades-legislativa/lei-no-1-369-2020/"
"posts-a-legislativa","https://camaradesume.pb.gov.br/atividades-legislativa/lei-no-1-368-2020/"
"posts-a-legislativa","https://camaradesume.pb.gov.br/atividades-legislativa/lei-no-1-367-2020/"
"posts-a-legislativa","https://camaradesume.pb.gov.br/atividades-legislativa/lei-no-1-366-2020/"
"posts-a-legislativa","https://camaradesume.pb.gov.br/atividades-legislativa/lei-no-1-365-2020/"
"posts-a-legislativa","https://camaradesume.pb.gov.br/atividades-legislativa/lei-no-1-364-2020/"
"posts-a-legislativa","https://camaradesume.pb.gov.br/atividades-legislativa/lei-no-1-363-2020/"
"posts-a-legislativa","https://camaradesume.pb.gov.br/atividades-legislativa/lei-no-1-362-2020/"
"posts-a-legislativa","https://camaradesume.pb.gov.br/atividades-legislativa/lei-no-1-361-2020/"
"posts-a-legislativa","https://camaradesume.pb.gov.br/atividades-legislativa/lei-no-1-360-2020/"
"posts-a-legislativa","https://camaradesume.pb.gov.br/atividades-legislativa/lei-no-1-359-2020/"
"posts-a-legislativa","https://camaradesume.pb.gov.br/atividades-legislativa/lei-no-1-358-2020/"
"posts-a-legislativa","https://camaradesume.pb.gov.br/atividades-legislativa/lei-no-1-357-2020/"
"posts-a-legislativa","https://camaradesume.pb.gov.br/atividades-legislativa/lei-no-1-356-2020/"
"posts-a-legislativa","https://camaradesume.pb.gov.br/atividades-legislativa/lei-no-1-355-2020/"
"posts-a-legislativa","https://camaradesume.pb.gov.br/atividades-legislativa/lei-no-1-354-2020/"
"posts-a-legislativa","https://camaradesume.pb.gov.br/atividades-legislativa/lei-no-1-353-2020/"
"posts-a-legislativa","https://camaradesume.pb.gov.br/atividades-legislativa/lei-no-1-352-2020/"
"posts-a-legislativa","https://camaradesume.pb.gov.br/atividades-legislativa/lei-no-1-351-2020/"
"posts-a-legislativa","https://camaradesume.pb.gov.br/atividades-legislativa/lei-no-1-350-2020/"
"posts-a-legislativa","https://camaradesume.pb.gov.br/atividades-legislativa/lei-no-1-349-2020/"
"posts-a-legislativa","https://camaradesume.pb.gov.br/atividades-legislativa/lei-no-1-348-2020/"
"posts-a-legislativa","https://camaradesume.pb.gov.br/atividades-legislativa/lei-no-1-347-2020/"
"posts-a-legislativa","https://camaradesume.pb.gov.br/atividades-legislativa/14138/"
"posts-a-legislativa","https://camaradesume.pb.gov.br/atividades-legislativa/indicacao-no-004-2025/"
"posts-a-legislativa","https://camaradesume.pb.gov.br/atividades-legislativa/indicacao-no-005-2025/"
"posts-a-legislativa","https://camaradesume.pb.gov.br/atividades-legislativa/indicacao-no-006-2025/"
"posts-a-legislativa","https://camaradesume.pb.gov.br/atividades-legislativa/projeto-de-lei-no-905-2025/"
"posts-a-legislativa","https://camaradesume.pb.gov.br/atividades-legislativa/projeto-de-lei-n-910-2025/"
"posts-a-legislativa","https://camaradesume.pb.gov.br/atividades-legislativa/requerimento-01-voto-de-pesar/"
"posts-a-legislativa","https://camaradesume.pb.gov.br/atividades-legislativa/requerimento-02-voto-de-pesar/"
"posts-a-legislativa","https://camaradesume.pb.gov.br/atividades-legislativa/requerimento-08/"
"posts-a-legislativa","https://camaradesume.pb.gov.br/atividades-legislativa/requerimento-09-voto-de-pesar/"
"posts-a-legislativa","https://camaradesume.pb.gov.br/atividades-legislativa/requerimento-09/"
"posts-a-legislativa","https://camaradesume.pb.gov.br/atividades-legislativa/requerimento-09_1/"
"posts-a-legislativa","https://camaradesume.pb.gov.br/atividades-legislativa/requerimento-01/"
"posts-a-legislativa","https://camaradesume.pb.gov.br/atividades-legislativa/requerimento-01_1/"
"posts-a-legislativa","https://camaradesume.pb.gov.br/atividades-legislativa/indicacao-no-001/"
"posts-a-legislativa","https://camaradesume.pb.gov.br/atividades-legislativa/indicacao-no-002/"
"posts-a-legislativa","https://camaradesume.pb.gov.br/atividades-legislativa/reqeurimento-verbal-no-01-oficio-no-59/"
"posts-a-legislativa","https://camaradesume.pb.gov.br/atividades-legislativa/requerimento-02/"
"posts-a-legislativa","https://camaradesume.pb.gov.br/atividades-legislativa/requerimento-02_1/"
"posts-a-legislativa","https://camaradesume.pb.gov.br/atividades-legislativa/requerimento-03-voto-de-pesar/"
"posts-a-legislativa","https://camaradesume.pb.gov.br/atividades-legislativa/requerimento-03/"
"posts-a-legislativa","https://camaradesume.pb.gov.br/atividades-legislativa/requerimento-03_1/"
"posts-a-legislativa","https://camaradesume.pb.gov.br/atividades-legislativa/requerimento-04/"
"posts-a-legislativa","https://camaradesume.pb.gov.br/atividades-legislativa/requerimento-04_1/"
"posts-a-legislativa","https://camaradesume.pb.gov.br/atividades-legislativa/requerimento-04_2/"
"posts-a-legislativa","https://camaradesume.pb.gov.br/atividades-legislativa/requerimento-05-retirado/"
"posts-a-legislativa","https://camaradesume.pb.gov.br/atividades-legislativa/requerimento-05/"
"posts-a-legislativa","https://camaradesume.pb.gov.br/atividades-legislativa/requerimento-05_1/"
"posts-a-legislativa","https://camaradesume.pb.gov.br/atividades-legislativa/requerimento-05_2/"
"posts-a-legislativa","https://camaradesume.pb.gov.br/atividades-legislativa/requerimento-06-retirado/"
"posts-a-legislativa","https://camaradesume.pb.gov.br/atividades-legislativa/requerimento-06/"
"posts-a-legislativa","https://camaradesume.pb.gov.br/atividades-legislativa/requerimento-06_1/"
"posts-a-legislativa","https://camaradesume.pb.gov.br/atividades-legislativa/requerimento-07-voto-de-pesar/"
"posts-a-legislativa","https://camaradesume.pb.gov.br/atividades-legislativa/requerimento-07/"
"posts-a-legislativa","https://camaradesume.pb.gov.br/atividades-legislativa/requerimento-07_1/"
"posts-a-legislativa","https://camaradesume.pb.gov.br/atividades-legislativa/requerimento-08_1/"
"posts-a-legislativa","https://camaradesume.pb.gov.br/atividades-legislativa/requerimento-08_2/"
"posts-a-legislativa","https://camaradesume.pb.gov.br/atividades-legislativa/requerimento-09_1-2/"
"posts-a-legislativa","https://camaradesume.pb.gov.br/atividades-legislativa/requerimento-10-voto-de-pesar/"
"posts-a-legislativa","https://camaradesume.pb.gov.br/atividades-legislativa/requerimento-11-voto-de-aplauso/"
"posts-a-legislativa","https://camaradesume.pb.gov.br/atividades-legislativa/requerimento-verbal-no-01-oficio-19/"
"posts-a-legislativa","https://camaradesume.pb.gov.br/atividades-legislativa/requerimento-verbal-no-01-oficio-no-86/"
"posts-a-legislativa","https://camaradesume.pb.gov.br/atividades-legislativa/portaria-no-30-exoneracao/"
"posts-a-legislativa","https://camaradesume.pb.gov.br/atividades-legislativa/resolucao-no-146-diego-galdino/"
"posts-a-legislativa","https://camaradesume.pb.gov.br/atividades-legislativa/resolucao-no-147-pastor-jose-galdino/"
"posts-a-legislativa","https://camaradesume.pb.gov.br/atividades-legislativa/resolucao-no-148-jose-aristides/"
"posts-a-legislativa","https://camaradesume.pb.gov.br/atividades-legislativa/resolucao-no-149-luciano-correia/"
"posts-a-legislativa","https://camaradesume.pb.gov.br/atividades-legislativa/resolucao-no-150-sargento-assis/"
"posts-a-legislativa","https://camaradesume.pb.gov.br/atividades-legislativa/requerimento-no-02/"
"posts-a-legislativa","https://camaradesume.pb.gov.br/atividades-legislativa/requerimento-10/"
"posts-a-legislativa","https://camaradesume.pb.gov.br/atividades-legislativa/requerimento-10_1/"
"posts-a-legislativa","https://camaradesume.pb.gov.br/atividades-legislativa/requerimento-11-voto-de-aplauso-2/"
"posts-a-legislativa","https://camaradesume.pb.gov.br/atividades-legislativa/projeto-de-resolucao-no-152-arthur-vilar/"
"posts-a-legislativa","https://camaradesume.pb.gov.br/atividades-legislativa/projeto-de-resolucao-no-153-pedro-fidelis/"
"posts-a-legislativa","https://camaradesume.pb.gov.br/atividades-legislativa/projeto-de-resolucao-no-163-jose-erinaldo/"
"posts-a-legislativa","https://camaradesume.pb.gov.br/atividades-legislativa/indicacao-no-01-2026/"
"posts-a-legislativa","https://camaradesume.pb.gov.br/atividades-legislativa/indicacao-no-04-2026/"
"posts-a-legislativa","https://camaradesume.pb.gov.br/atividades-legislativa/indicacao-no-15-2026/"
"posts-a-legislativa","https://camaradesume.pb.gov.br/atividades-legislativa/indicacao-no-003-2026/"
"posts-a-legislativa","https://camaradesume.pb.gov.br/atividades-legislativa/indicacao-no-03-2026/"
"posts-a-legislativa","https://camaradesume.pb.gov.br/atividades-legislativa/indicacao-no-14-2026/"
"posts-a-legislativa","https://camaradesume.pb.gov.br/atividades-legislativa/autografo-no-804-2026-ao-projeto-de-lei-n-990-2026-de-autoria-do-poder-executivo/"
"posts-a-legislativa","https://camaradesume.pb.gov.br/atividades-legislativa/requerimento-no-47-2026/"
"posts-a-legislativa","https://camaradesume.pb.gov.br/atividades-legislativa/requerimento-no-17-2026/"
"posts-a-legislativa","https://camaradesume.pb.gov.br/atividades-legislativa/requerimento-no-18-2026/"
"posts-a-legislativa","https://camaradesume.pb.gov.br/atividades-legislativa/requerimento-no-20-2026/"
"posts-a-legislativa","https://camaradesume.pb.gov.br/atividades-legislativa/requerimento-no-21-2025/"
"posts-a-legislativa","https://camaradesume.pb.gov.br/atividades-legislativa/requerimento-no-21-2026/"
"posts-a-legislativa","https://camaradesume.pb.gov.br/atividades-legislativa/requerimento-no-22-2026/"
"posts-a-legislativa","https://camaradesume.pb.gov.br/atividades-legislativa/requerimento-no-22-2026-2/"
"posts-a-legislativa","https://camaradesume.pb.gov.br/atividades-legislativa/requerimento-no-31-2025/"
"posts-a-legislativa","https://camaradesume.pb.gov.br/atividades-legislativa/requerimento-no-41-2025/"
"posts-a-legislativa","https://camaradesume.pb.gov.br/atividades-legislativa/requerimento-no-80-2026/"
"posts-a-legislativa","https://camaradesume.pb.gov.br/atividades-legislativa/requerimento-no-48-2025/"
"posts-a-legislativa","https://camaradesume.pb.gov.br/atividades-legislativa/requerimento-no-50-2026/"
"posts-a-legislativa","https://camaradesume.pb.gov.br/atividades-legislativa/requerimento-no-49-2026/"
"posts-a-legislativa","https://camaradesume.pb.gov.br/atividades-legislativa/requerimento-no-49-2026-2/"
"posts-a-legislativa","https://camaradesume.pb.gov.br/atividades-legislativa/requerimento-no-51-2026/"
"posts-a-legislativa","https://camaradesume.pb.gov.br/atividades-legislativa/requerimento-no-76-2026/"
"posts-a-legislativa","https://camaradesume.pb.gov.br/atividades-legislativa/requerimento-no-77-2026/"
"posts-a-legislativa","https://camaradesume.pb.gov.br/atividades-legislativa/requerimento-no-78-2026/"
"posts-a-legislativa","https://camaradesume.pb.gov.br/atividades-legislativa/requerimento-no-79-2026/"
"posts-a-legislativa","https://camaradesume.pb.gov.br/atividades-legislativa/requerimento-no-85-2026/"
"posts-a-legislativa","https://camaradesume.pb.gov.br/atividades-legislativa/requerimento-no-81-2026/"
"posts-a-legislativa","https://camaradesume.pb.gov.br/atividades-legislativa/requerimento-no-82-2026/"
"posts-a-legislativa","https://camaradesume.pb.gov.br/atividades-legislativa/requerimento-no-83-2026/"
"posts-a-legislativa","https://camaradesume.pb.gov.br/atividades-legislativa/requerimento-no-84-2026/"
"posts-a-legislativa","https://camaradesume.pb.gov.br/atividades-legislativa/requerimento-no-23-2026/"
"posts-a-legislativa","https://camaradesume.pb.gov.br/atividades-legislativa/requerimento-no-90-2026/"
"posts-a-legislativa","https://camaradesume.pb.gov.br/atividades-legislativa/requerimento-no-91-2026/"
"posts-a-legislativa","https://camaradesume.pb.gov.br/atividades-legislativa/requerimento-no-89-2026/"
"posts-a-legislativa","https://camaradesume.pb.gov.br/atividades-legislativa/requerimento-no-88-2026/"
"posts-a-legislativa","https://camaradesume.pb.gov.br/atividades-legislativa/requerimento-no-87-2026/"
"posts-a-legislativa","https://camaradesume.pb.gov.br/atividades-legislativa/requerimento-no-86-2026/"
"posts-a-legislativa","https://camaradesume.pb.gov.br/atividades-legislativa/requerimento-no-52-2026/"
"posts-a-legislativa","https://camaradesume.pb.gov.br/atividades-legislativa/requerimento-no-32-2026/"
"posts-a-legislativa","https://camaradesume.pb.gov.br/atividades-legislativa/requerimento-no-23-2026-2/"
"posts-a-legislativa","https://camaradesume.pb.gov.br/atividades-legislativa/requerimento-no-22-2026-3/"
"posts-a-legislativa","https://camaradesume.pb.gov.br/atividades-legislativa/indicacao-004-2026/"
"posts-a-legislativa","https://camaradesume.pb.gov.br/atividades-legislativa/requerimento-no-24-2026/"
"posts-a-legislativa","https://camaradesume.pb.gov.br/atividades-legislativa/requerimento-no-24-2026-2/"
"posts-a-legislativa","https://camaradesume.pb.gov.br/atividades-legislativa/requerimento-no-25-2026/"
"posts-a-legislativa","https://camaradesume.pb.gov.br/atividades-legislativa/requerimento-no-26-2026/"
"posts-a-legislativa","https://camaradesume.pb.gov.br/atividades-legislativa/requerimento-no-23-2026-3/"
"posts-a-legislativa","https://camaradesume.pb.gov.br/atividades-legislativa/requerimento-no-95-2026/"
"posts-a-legislativa","https://camaradesume.pb.gov.br/atividades-legislativa/requerimento-no-92-2026/"
"posts-a-legislativa","https://camaradesume.pb.gov.br/atividades-legislativa/requerimentono-96-2026/"
"posts-a-legislativa","https://camaradesume.pb.gov.br/atividades-legislativa/requerimento-no-94-2026/"
"posts-a-legislativa","https://camaradesume.pb.gov.br/atividades-legislativa/requerimento-no-93-2026/"
"posts-a-legislativa","https://camaradesume.pb.gov.br/atividades-legislativa/requerimento-no-50-2026-2/"
"posts-a-legislativa","https://camaradesume.pb.gov.br/atividades-legislativa/requerimento-no-51-2026-2/"
"posts-a-legislativa","https://camaradesume.pb.gov.br/atividades-legislativa/requerimento-no-09-2026/"
"posts-a-legislativa","https://camaradesume.pb.gov.br/atividades-legislativa/requerimento-no-53-2026/"
"posts-a-legislativa","https://camaradesume.pb.gov.br/atividades-legislativa/autografo-no-807-2026-ao-projeto-de-lei-n-999-2026-de-autoria-do-vereador-juan-victor-gomes-de-sa-pires-pereira/"
"posts-a-legislativa","https://camaradesume.pb.gov.br/atividades-legislativa/autografo-no-805-2026-ao-projeto-de-lei-n-995-2026-de-autoria-do-vereador-jose-de-arimateia-silva/"
"posts-a-legislativa","https://camaradesume.pb.gov.br/atividades-legislativa/autografo-no-806-2026-ao-projeto-de-lei-n-997-2026-de-autoria-da-mesa-diretora/"
"posts-a-legislativa","https://camaradesume.pb.gov.br/atividades-legislativa/autografo-no-808-2026-ao-projeto-de-lei-n-1-000-2026-de-autoria-do-poder-executivo/"
"posts-a-legislativa","https://camaradesume.pb.gov.br/atividades-legislativa/resolucao-no-180-2026/"
"posts-a-legislativa","https://camaradesume.pb.gov.br/atividades-legislativa/no-53-2026/"
"posts-a-legislativa","https://camaradesume.pb.gov.br/atividades-legislativa/no-97-2026/"
"posts-a-legislativa","https://camaradesume.pb.gov.br/atividades-legislativa/no-57-2026/"
"posts-a-legislativa","https://camaradesume.pb.gov.br/atividades-legislativa/no-56-2026/"
"posts-a-legislativa","https://camaradesume.pb.gov.br/atividades-legislativa/no-55-2026/"
"posts-a-legislativa","https://camaradesume.pb.gov.br/atividades-legislativa/no-54-2026/"
"posts-a-legislativa","https://camaradesume.pb.gov.br/atividades-legislativa/no-54-2026-2/"
"posts-a-legislativa","https://camaradesume.pb.gov.br/atividades-legislativa/no-52-2026/"
"posts-a-legislativa","https://camaradesume.pb.gov.br/atividades-legislativa/17166/"
"posts-a-legislativa","https://camaradesume.pb.gov.br/atividades-legislativa/no-34-2026/"
"posts-a-legislativa","https://camaradesume.pb.gov.br/atividades-legislativa/no-33-2025/"
"posts-a-legislativa","https://camaradesume.pb.gov.br/atividades-legislativa/no-21-2026/"
"posts-a-legislativa","https://camaradesume.pb.gov.br/atividades-legislativa/no-19-2026/"
"posts-a-legislativa","https://camaradesume.pb.gov.br/atividades-legislativa/no-10-2026/"
"posts-a-legislativa","https://camaradesume.pb.gov.br/atividades-legislativa/no-24-2026/"
"posts-a-legislativa","https://camaradesume.pb.gov.br/atividades-legislativa/projeto-de-resolucao-no-189-2026/"
"posts-a-legislativa","https://camaradesume.pb.gov.br/atividades-legislativa/projeto-de-resolucao-no-188-2026/"
"posts-a-legislativa","https://camaradesume.pb.gov.br/atividades-legislativa/projeto-de-lei-n-1001-2026/"
"posts-a-legislativa","https://camaradesume.pb.gov.br/atividades-legislativa/projeto-de-lei-no-998/"
"posts-a-legislativa","https://camaradesume.pb.gov.br/atividades-legislativa/projeto-de-lei-n-978-2026/"
"posts-a-legislativa","https://camaradesume.pb.gov.br/atividades-legislativa/projeto-de-lei-n-977-2026/"
"posts-a-legislativa","https://camaradesume.pb.gov.br/atividades-legislativa/projeto-de-lei-no-974-2026/"
"posts-a-legislativa","https://camaradesume.pb.gov.br/atividades-legislativa/projeto-de-lei-no-973-2026/"
"posts-a-legislativa","https://camaradesume.pb.gov.br/atividades-legislativa/indicacao-no-01-2026-2/"
"posts-a-legislativa","https://camaradesume.pb.gov.br/atividades-legislativa/no-22-2026/"
"posts-a-legislativa","https://camaradesume.pb.gov.br/atividades-legislativa/no-27-2026/"
"posts-a-legislativa","https://camaradesume.pb.gov.br/atividades-legislativa/no-55-2026-2/"
"posts-a-legislativa","https://camaradesume.pb.gov.br/atividades-legislativa/portaria-no-34-2026/"
"posts-a-legislativa","https://camaradesume.pb.gov.br/atividades-legislativa/portaria-no-35-2026/"
"posts-a-legislativa","https://camaradesume.pb.gov.br/atividades-legislativa/projeto-de-resolucao-no-193-2026/"
"posts-a-legislativa","https://camaradesume.pb.gov.br/atividades-legislativa/projeto-de-resolucao-no-194-2026/"
"posts-a-legislativa","https://camaradesume.pb.gov.br/atividades-legislativa/no-58-2026/"
"posts-a-legislativa","https://camaradesume.pb.gov.br/atividades-legislativa/no-56-2026-2/"
"posts-a-legislativa","https://camaradesume.pb.gov.br/atividades-legislativa/17337/"
"posts-a-legislativa","https://camaradesume.pb.gov.br/atividades-legislativa/projeto-de-lei-no-1006-2026/"
"posts-a-legislativa","https://camaradesume.pb.gov.br/atividades-legislativa/projeto-de-lei-n-1005-2026/"
"posts-a-legislativa","https://camaradesume.pb.gov.br/atividades-legislativa/projeto-de-lei-no-992-2026/"
"posts-a-legislativa","https://camaradesume.pb.gov.br/atividades-legislativa/projeto-de-lei-no-987-2026/"
"posts-a-legislativa","https://camaradesume.pb.gov.br/atividades-legislativa/projeto-de-lei-no-994-2026/"
"posts-a-legislativa","https://camaradesume.pb.gov.br/atividades-legislativa/projeto-de-lei-no-984-2026/"
"posts-a-legislativa","https://camaradesume.pb.gov.br/atividades-legislativa/projeto-de-lei-no-982-2026/"
"posts-a-legislativa","https://camaradesume.pb.gov.br/atividades-legislativa/projeto-de-lei-no-834-2023/"
"posts-a-legislativa","https://camaradesume.pb.gov.br/atividades-legislativa/requerimento-no-10/"
"posts-a-legislativa","https://camaradesume.pb.gov.br/atividades-legislativa/requerimento-no-98-2026/"
"posts-a-legislativa","https://camaradesume.pb.gov.br/atividades-legislativa/requerimento-no-57-2026/"
"posts-a-legislativa","https://camaradesume.pb.gov.br/atividades-legislativa/requerimento-no-30-2026/"
"posts-a-legislativa","https://camaradesume.pb.gov.br/atividades-legislativa/requerimento-no-29-2026/"
"posts-a-legislativa","https://camaradesume.pb.gov.br/atividades-legislativa/requerimento-no-28-2026/"
"posts-a-legislativa","https://camaradesume.pb.gov.br/atividades-legislativa/requerimento-no-28-2026-2/"
"posts-a-legislativa","https://camaradesume.pb.gov.br/atividades-legislativa/requerimento-no-27-2026/"
"posts-a-legislativa","https://camaradesume.pb.gov.br/atividades-legislativa/requerimento-no-26-2026-2/"
"posts-a-legislativa","https://camaradesume.pb.gov.br/atividades-legislativa/projeto-de-lei-no-1007-reajuste-anuel-servidores-atual/"
"posts-a-legislativa","https://camaradesume.pb.gov.br/atividades-legislativa/resolucao-no-185-2026/"
"posts-a-legislativa","https://camaradesume.pb.gov.br/atividades-legislativa/projeto-de-lei-no-1009-2026/"
"posts-a-legislativa","https://camaradesume.pb.gov.br/atividades-legislativa/requerimento-no-20-2026-2/"
"posts-a-legislativa","https://camaradesume.pb.gov.br/atividades-legislativa/requerimento-no-23-2026-4/"
"posts-a-legislativa","https://camaradesume.pb.gov.br/atividades-legislativa/requerimento-no-100-2026/"
"posts-a-legislativa","https://camaradesume.pb.gov.br/atividades-legislativa/requerimento-no-37-2026/"
"posts-a-legislativa","https://camaradesume.pb.gov.br/atividades-legislativa/requerimento-no-38-2026/"
"posts-a-legislativa","https://camaradesume.pb.gov.br/atividades-legislativa/requerimento-no-30-2026-2/"
"posts-a-legislativa","https://camaradesume.pb.gov.br/atividades-legislativa/requerimento-no-29-2026-2/"
"posts-a-legislativa","https://camaradesume.pb.gov.br/atividades-legislativa/requerimento-no-60-2026/"
"posts-a-legislativa","https://camaradesume.pb.gov.br/atividades-legislativa/17456/"
"posts-a-legislativa","https://camaradesume.pb.gov.br/atividades-legislativa/projeto-de-lei-no-1008-2026/"
"posts-a-legislativa","https://camaradesume.pb.gov.br/atividades-legislativa/requerimento-60/"
"posts-a-legislativa","https://camaradesume.pb.gov.br/atividades-legislativa/requerimento-no-59-2026/"
"posts-a-legislativa","https://camaradesume.pb.gov.br/atividades-legislativa/requerimento-no-58-2026/"
"posts-a-legislativa","https://camaradesume.pb.gov.br/atividades-legislativa/17505/"
"posts-a-legislativa","https://camaradesume.pb.gov.br/atividades-legislativa/projeto-de-resolucao-n-198-2026/"
"posts-a-legislativa","https://camaradesume.pb.gov.br/atividades-legislativa/projeto-de-resolucao-no-197-2026/"
"posts-a-legislativa","https://camaradesume.pb.gov.br/atividades-legislativa/17510/"
"posts-a-legislativa","https://camaradesume.pb.gov.br/atividades-legislativa/indicacao-005-2026/"
"posts-a-legislativa","https://camaradesume.pb.gov.br/atividades-legislativa/decreto-legislativo-no-08-2026/"
"posts-a-legislativa","https://camaradesume.pb.gov.br/atividades-legislativa/projeto-lei-municipal-no-1004/"
"posts-a-legislativa","https://camaradesume.pb.gov.br/atividades-legislativa/veto-n-09-2026/"
"posts-publicacoes","https://camaradesume.pb.gov.br/publicacoes-oficiais/portaria-no-09-2025/"
"posts-publicacoes","https://camaradesume.pb.gov.br/publicacoes-oficiais/portaria-no-10-2025/"
"posts-publicacoes","https://camaradesume.pb.gov.br/publicacoes-oficiais/portaria-no-11-2025/"
"posts-publicacoes","https://camaradesume.pb.gov.br/publicacoes-oficiais/portaria-no-12-2025/"
"posts-publicacoes","https://camaradesume.pb.gov.br/publicacoes-oficiais/portaria-no-13-2025/"
"posts-publicacoes","https://camaradesume.pb.gov.br/publicacoes-oficiais/portaria-no-14-2025/"
"posts-publicacoes","https://camaradesume.pb.gov.br/publicacoes-oficiais/portaria-no-15-2025/"
"posts-publicacoes","https://camaradesume.pb.gov.br/publicacoes-oficiais/portaria-no-16-2025/"
"posts-publicacoes","https://camaradesume.pb.gov.br/publicacoes-oficiais/portaria-no-17-2025/"
"posts-publicacoes","https://camaradesume.pb.gov.br/publicacoes-oficiais/portaria-no-18-2025/"
"posts-publicacoes","https://camaradesume.pb.gov.br/publicacoes-oficiais/portaria-no-19-2025/"
"posts-publicacoes","https://camaradesume.pb.gov.br/publicacoes-oficiais/portaria-no-01-2025/"
"posts-publicacoes","https://camaradesume.pb.gov.br/publicacoes-oficiais/portaria-no-05-2025/"
"posts-publicacoes","https://camaradesume.pb.gov.br/publicacoes-oficiais/portaria-no-04-2025/"
"posts-publicacoes","https://camaradesume.pb.gov.br/publicacoes-oficiais/portaria-no-06-2025/"
"posts-publicacoes","https://camaradesume.pb.gov.br/publicacoes-oficiais/portaria-no-07-2025/"
"posts-publicacoes","https://camaradesume.pb.gov.br/publicacoes-oficiais/portaria-no-08-2025/"
"posts-publicacoes","https://camaradesume.pb.gov.br/publicacoes-oficiais/portaria-no-02-2025/"
"posts-publicacoes","https://camaradesume.pb.gov.br/publicacoes-oficiais/portaria-no-03-2025/"
"posts-publicacoes","https://camaradesume.pb.gov.br/publicacoes-oficiais/decreto-no-05-2025/"
"posts-publicacoes","https://camaradesume.pb.gov.br/publicacoes-oficiais/portaria-no-26-2025/"
"posts-publicacoes","https://camaradesume.pb.gov.br/publicacoes-oficiais/portaria-no-26-2025-2/"
"posts-publicacoes","https://camaradesume.pb.gov.br/publicacoes-oficiais/portaria-no-27-2025/"
"posts-publicacoes","https://camaradesume.pb.gov.br/publicacoes-oficiais/portaria-no-28-2025/"
"posts-perguntas-frequentes","https://camaradesume.pb.gov.br/perguntas/quem-esta-obrigado-a-prestar-informacoes/"
"posts-perguntas-frequentes","https://camaradesume.pb.gov.br/perguntas/quais-sao-as-informacoes-que-serao-disponibilizadas/"
"posts-perguntas-frequentes","https://camaradesume.pb.gov.br/perguntas/quem-pode-solicitar-as-informacoes/"
"posts-perguntas-frequentes","https://camaradesume.pb.gov.br/perguntas/e-necessorio-justificar-o-pedido-de-informacoes/"
"posts-perguntas-frequentes","https://camaradesume.pb.gov.br/perguntas/pode-haver-pedido-de-solicitacao-de-informacao-anonimo/"
"posts-perguntas-frequentes","https://camaradesume.pb.gov.br/perguntas/existe-prazo-para-resposta-da-administracao-publica/"
"posts-perguntas-frequentes","https://camaradesume.pb.gov.br/perguntas/e-possivel-a-recusa-imotivada-a-prestacao-de-informacoes/"
"posts-perguntas-frequentes","https://camaradesume.pb.gov.br/perguntas/a-administracao-publica-pode-cobrar-pelo-fornecimento-das-informacoes/"
"posts-perguntas-frequentes","https://camaradesume.pb.gov.br/perguntas/onde-posso-ver-os-salarios-dos-servidores/"
"posts-perguntas-frequentes","https://camaradesume.pb.gov.br/perguntas/qual-o-horario-de-funcionamento-da-camara/"
"posts-perguntas-frequentes","https://camaradesume.pb.gov.br/perguntas/quem-sao-os-membros-da-mesa-diretora/"
"posts-perguntas-frequentes","https://camaradesume.pb.gov.br/perguntas/qual-e-a-funcao-dos-vereadores/"
"posts-perguntas-frequentes","https://camaradesume.pb.gov.br/perguntas/quando-e-como-ocorrem-as-sessoes/"
"posts-perguntas-frequentes","https://camaradesume.pb.gov.br/perguntas/como-posso-acompanhar-os-projetos-de-lei/"
"posts-perguntas-frequentes","https://camaradesume.pb.gov.br/perguntas/o-que-sao-comissoes-legislativas/"
"posts-perguntas-frequentes","https://camaradesume.pb.gov.br/perguntas/como-posso-participar-das-sessoes/"
"posts-perguntas-frequentes","https://camaradesume.pb.gov.br/perguntas/posso-fazer-sugestoes-ou-reclamacoes/"
"posts-perguntas-frequentes","https://camaradesume.pb.gov.br/perguntas/como-posso-fazer-um-pedido-de-informacao/"
"posts-perguntas-frequentes","https://camaradesume.pb.gov.br/perguntas/onde-encontro-os-gastos-da-camara/"
"posts-perguntas-frequentes","https://camaradesume.pb.gov.br/perguntas/como-consultar-licitacoes-e-contratos/"
"posts-glossario","https://camaradesume.pb.gov.br/glossario/a/"
"posts-glossario","https://camaradesume.pb.gov.br/glossario/b/"
"posts-glossario","https://camaradesume.pb.gov.br/glossario/c/"
"posts-glossario","https://camaradesume.pb.gov.br/glossario/d/"
"posts-glossario","https://camaradesume.pb.gov.br/glossario/e/"
"posts-glossario","https://camaradesume.pb.gov.br/glossario/g/"
"posts-glossario","https://camaradesume.pb.gov.br/glossario/f/"
"posts-glossario","https://camaradesume.pb.gov.br/glossario/h/"
"posts-glossario","https://camaradesume.pb.gov.br/glossario/i/"
"posts-glossario","https://camaradesume.pb.gov.br/glossario/j/"
"posts-glossario","https://camaradesume.pb.gov.br/glossario/k/"
"posts-glossario","https://camaradesume.pb.gov.br/glossario/l/"
"posts-glossario","https://camaradesume.pb.gov.br/glossario/m/"
"posts-glossario","https://camaradesume.pb.gov.br/glossario/n/"
"posts-glossario","https://camaradesume.pb.gov.br/glossario/o/"
"posts-glossario","https://camaradesume.pb.gov.br/glossario/p/"
"posts-glossario","https://camaradesume.pb.gov.br/glossario/q/"
"posts-glossario","https://camaradesume.pb.gov.br/glossario/r/"
"posts-glossario","https://camaradesume.pb.gov.br/glossario/s/"
"posts-glossario","https://camaradesume.pb.gov.br/glossario/t/"
"posts-glossario","https://camaradesume.pb.gov.br/glossario/u/"
"posts-glossario","https://camaradesume.pb.gov.br/glossario/v/"
"posts-glossario","https://camaradesume.pb.gov.br/glossario/w/"
"posts-glossario","https://camaradesume.pb.gov.br/glossario/x/"
"posts-glossario","https://camaradesume.pb.gov.br/glossario/y/"
"posts-glossario","https://camaradesume.pb.gov.br/glossario/z/"
"posts-atas","https://camaradesume.pb.gov.br/atas/primeira-sessao-extraordinaria-em-18-02-2025/"
"posts-atas","https://camaradesume.pb.gov.br/atas/primeira-sessao-ordinaria-em-18-02-2025/"
"posts-atas","https://camaradesume.pb.gov.br/atas/segunda-sessao-extraordinaria/"
"posts-atas","https://camaradesume.pb.gov.br/atas/terceira-sessao-ordinaria/"
"posts-atas","https://camaradesume.pb.gov.br/atas/quarta-sessao-ordinaria/"
"posts-atas","https://camaradesume.pb.gov.br/atas/quinta-sessao-ordinaria/"
"posts-atas","https://camaradesume.pb.gov.br/atas/sexta-sessao-ordinaria/"
"posts-atas","https://camaradesume.pb.gov.br/atas/setima-sessao-ordinaria/"
"posts-atas","https://camaradesume.pb.gov.br/atas/ata-da-quinta-sessao-extraordinaria/"
"posts-atas","https://camaradesume.pb.gov.br/atas/ata-da-trigesima-nona-sessao-ordinaria/"
"posts-atas","https://camaradesume.pb.gov.br/atas/ata-da-trigesima-oitava-sessao-ordinaria/"
"posts-atas","https://camaradesume.pb.gov.br/atas/ata-da-trigesima-setima-sessao-ordinaria/"
"posts-atas","https://camaradesume.pb.gov.br/atas/ata-da-sexta-sessao-extraordinaria/"
"posts-atas","https://camaradesume.pb.gov.br/atas/ata-da-trigesima-sexta-sessao-ordinaria/"
"posts-atas","https://camaradesume.pb.gov.br/atas/ata-da-trigesima-quinta-sessao-ordinaria/"
"posts-atas","https://camaradesume.pb.gov.br/atas/ata-da-quadragesima-sessao-ordinaria/"
"posts-atas","https://camaradesume.pb.gov.br/atas/ata-da-trigesima-quarta-sessao-ordinaria/"
"posts-atas","https://camaradesume.pb.gov.br/atas/ata-da-quadragesima-primeira-sessao-ordinaria/"
"posts-atas","https://camaradesume.pb.gov.br/atas/ata-da-quadragesima-segunda-sessao-ordinaria/"
"posts-acesso-rapido","https://camaradesume.pb.gov.br/acesso-rapido/reunioes-ao-vivo/"
"posts-acesso-rapido","https://camaradesume.pb.gov.br/acesso-rapido/atas-das-reunioes/"
"posts-acesso-rapido","https://camaradesume.pb.gov.br/acesso-rapido/portal-da-transparencia/"
"posts-acesso-rapido","https://camaradesume.pb.gov.br/acesso-rapido/vereadores/"
"posts-acesso-rapido","https://camaradesume.pb.gov.br/acesso-rapido/leis-municipais/"
"posts-acesso-rapido","https://camaradesume.pb.gov.br/acesso-rapido/regimento-interno/"
"posts-acesso-rapido","https://camaradesume.pb.gov.br/acesso-rapido/sic/"
"posts-acesso-rapido","https://camaradesume.pb.gov.br/acesso-rapido/ouvidoria/"
"posts-acesso-rapido","https://camaradesume.pb.gov.br/acesso-rapido/relacao-de-estagiarios/"
"posts-acesso-rapido","https://camaradesume.pb.gov.br/acesso-rapido/prestacao-de-contas-da-gestao/"
"posts-acesso-rapido","https://camaradesume.pb.gov.br/acesso-rapido/funcionarios-terceirizados/"
"posts-acesso-rapido","https://camaradesume.pb.gov.br/acesso-rapido/verbas-indenizatorias/"
"posts-acesso-rapido","https://camaradesume.pb.gov.br/acesso-rapido/convenios-e-transferencias/"
"posts-acesso-rapido","https://camaradesume.pb.gov.br/acesso-rapido/relatorio-de-gestao/"
"posts-acesso-rapido","https://camaradesume.pb.gov.br/acesso-rapido/carta-de-servico/"
"posts-acesso-rapido","https://camaradesume.pb.gov.br/acesso-rapido/plano-estrategico/"
"posts-acesso-rapido","https://camaradesume.pb.gov.br/acesso-rapido/apreciacao-e-ou-julgamento/"
"posts-acesso-rapido","https://camaradesume.pb.gov.br/acesso-rapido/obras/"
"posts-acesso-rapido","https://camaradesume.pb.gov.br/acesso-rapido/concursos-e-selecoes-publicas/"
"posts-acesso-rapido","https://camaradesume.pb.gov.br/acesso-rapido/pca/"
"posts-acesso-rapido","https://camaradesume.pb.gov.br/acesso-rapido/rgf/"
"posts-acesso-rapido","https://camaradesume.pb.gov.br/acesso-rapido/estrutura-organizacional/"
"posts-acesso-rapido","https://camaradesume.pb.gov.br/acesso-rapido/parecer-do-legislativo-sobre-as-contas-do-executivo/"
"posts-acesso-rapido","https://camaradesume.pb.gov.br/acesso-rapido/planos-anuais-de-contratacoes/"
"posts-legislatura","https://camaradesume.pb.gov.br/legislatura/legislatura-2021-2024/"
"posts-vereador","https://camaradesume.pb.gov.br/vereador/jose-de-arimateia-silva/"
"posts-vereador","https://camaradesume.pb.gov.br/vereador/damiao-rildo-da-silva/"
"posts-vereador","https://camaradesume.pb.gov.br/vereador/daniel-lela-araujo/"
"posts-vereador","https://camaradesume.pb.gov.br/vereador/rosildo-alves-monteiro/"
"posts-vereador","https://camaradesume.pb.gov.br/vereador/fernando-lima-freitas/"
"posts-vereador","https://camaradesume.pb.gov.br/vereador/jane-isa-soares-da-silva-lima/"
"posts-vereador","https://camaradesume.pb.gov.br/vereador/jeffeson-figueiredo-menezes/"
"posts-vereador","https://camaradesume.pb.gov.br/vereador/jose-antonio-fernandes-de-oliveira/"
"posts-vereador","https://camaradesume.pb.gov.br/vereador/rivaldo-oliveira-ramos/"
"posts-vereador","https://camaradesume.pb.gov.br/vereador/bruno-stefanio-de-sousa-duarte/"
"posts-vereador","https://camaradesume.pb.gov.br/vereador/juan-victor-gomes-de-sa-pires-pereira/"
"taxonomies-category","https://camaradesume.pb.gov.br/noticias/"
"taxonomies-category","https://camaradesume.pb.gov.br/noticias/gestao-2023-2024/"
"taxonomies-category","https://camaradesume.pb.gov.br/getpublic/"
"taxonomies-tx_tipo_transparencia","https://camaradesume.pb.gov.br/_tipo-transparencia/servidores/"
"taxonomies-tx_tipo_transparencia","https://camaradesume.pb.gov.br/_tipo-transparencia/receitas/"
"taxonomies-tx_tipo_transparencia","https://camaradesume.pb.gov.br/_tipo-transparencia/licitacoes-e-contratos/"
"taxonomies-tx_tipo_transparencia","https://camaradesume.pb.gov.br/_tipo-transparencia/despesas/"
"taxonomies-tx_tipo_transparencia","https://camaradesume.pb.gov.br/_tipo-transparencia/dados-abertos/"
"taxonomies-tx_tipo_transparencia","https://camaradesume.pb.gov.br/_tipo-transparencia/contabilidade/"
"taxonomies-tx_tipo_transparencia","https://camaradesume.pb.gov.br/_tipo-transparencia/acesso-a-informacao/"
"taxonomies-_ano_quadrimestre","https://camaradesume.pb.gov.br/_ano_quadrimestre/anual/"
"taxonomies-tx_legislatura_mesa_diretora","https://camaradesume.pb.gov.br/?taxonomy=tx_legislatura_mesa_diretora&term=bienio-2025-2026"
"taxonomies-tx_legislatura_mesa_diretora","https://camaradesume.pb.gov.br/?taxonomy=tx_legislatura_mesa_diretora&term=legislatura-2025-2028"
"taxonomies-tx_legislatura_mesa_diretora","https://camaradesume.pb.gov.br/?taxonomy=tx_legislatura_mesa_diretora&term=1o-secretarioa-bienio-2025-2026"
"taxonomies-tx_legislatura_mesa_diretora","https://camaradesume.pb.gov.br/?taxonomy=tx_legislatura_mesa_diretora&term=2o-secretarioa-bienio-2025-2026"
"taxonomies-tx_legislatura_mesa_diretora","https://camaradesume.pb.gov.br/?taxonomy=tx_legislatura_mesa_diretora&term=presidente-bienio-2025-2026"
"taxonomies-tx_legislatura_mesa_diretora","https://camaradesume.pb.gov.br/?taxonomy=tx_legislatura_mesa_diretora&term=vice-presidente-bienio-2025-2026"
"taxonomies-_link-target","https://camaradesume.pb.gov.br/_link-target/_blank/"
"taxonomies-tipo-pagina","https://camaradesume.pb.gov.br/tipo-pagina/privado/"
"users","https://camaradesume.pb.gov.br/author/hebert/"
"users","https://camaradesume.pb.gov.br/author/helenilson/"
"users","https://camaradesume.pb.gov.br/author/admin/"
"users","https://camaradesume.pb.gov.br/author/rodolfo/"
