"type","path","code"
"posts-jet-popup","/jet-popup/classic/","301"
"posts-jet-popup","/jet-popup/despesa-fixada/","301"
"posts-jet-popup","/jet-popup/empenhos/","301"
"posts-jet-popup","/jet-popup/liquidacao/","301"
"posts-jet-popup","/jet-popup/pagamentos/","301"
"posts-jet-popup","/jet-popup/restos-a-pagar/","301"
"posts-jet-popup","/jet-popup/subempenhos/","301"
"posts-jet-popup","/jet-popup/receita-extra-orcamentaria/","301"
"posts-jet-popup","/jet-popup/transferencias-recebidas/","301"
"posts-jet-popup","/jet-popup/instrumentos-de-planejamento/","301"
"posts-jet-popup","/jet-popup/pca/","301"
"posts-jet-popup","/jet-popup/rgf/","301"
"posts-jet-popup","/jet-popup/frota/","301"
"posts-jet-popup","/jet-popup/folha-de-pagamento/","301"
"posts-jet-popup","/jet-popup/plano-de-cargo-e-carreira/","301"
"posts-jet-popup","/jet-popup/quadro-funcional/","301"
"posts-jet-popup","/jet-popup/servidores-cedidos/","301"
"posts-jet-popup","/jet-popup/servidores-temporarios/","301"
"posts-jet-popup","/jet-popup/dados-abertos/","301"
"posts-jet-popup","/jet-popup/diarias-e-viagens/","301"
"posts-jet-popup","/jet-popup/leis-municipais/","301"
"posts-jet-popup","/jet-popup/classic-2/","301"
"posts-rgf","/rgf/rgf-1-quadrimestre-2023/","301"
"posts-rgf","/rgf/rgf-2-quadrimestre-2023/","301"
"posts-rgf","/rgf/rgf-3-quadrimestre-2023/","301"
"posts-rgf","/rgf/rgf-1-quadrimestre-2024/","301"
"posts-rgf","/rgf/rgf-2-quadrimestre-2024/","301"
"posts-rgf","/rgf/rgf-3-quadrimestre-2024/","301"
"posts-rgf","/rgf/rgf-1-quadrimestre-2025/","301"
"posts-rgf","/rgf/rgf-1-quadrimestre-2022/","301"
"posts-rgf","/rgf/rgf-2-quadrimestre-2022/","301"
"posts-rgf","/rgf/rgf-3-quadrimestre-2022/","301"
"posts-rgf","/rgf/rgf-2o-quadrimestre-2025/","301"
"posts-rgf","/rgf/rgf-3o-quadrimestre-2025/","301"
"posts-estrutura-organiza","/estrutura-organiza/organograma-2025/","301"
"posts-estrutura-organiza","/estrutura-organiza/regulamentacao-da-estrutura-organizacional/","301"
"posts-parecer-contas","/parecer-contas/parecer-contas-de-2018/","301"
"posts-parecer-contas","/parecer-contas/parecer-contas-de-2019/","301"
"posts-parecer-contas","/parecer-contas/parecer-contas-2020/","301"
"posts-pca","/pca/plano-anual-de-contratacoes-2025/","301"
"posts-obras","/obras/obras-ano-2023/","301"
"posts-obras","/obras/obras-ano-2024/","301"
"posts-obras","/obras/obras-ano-2022/","301"
"posts-obras","/obras/obras-ano-2025/","301"
"posts-obras","/obras/obras-ano-2026/","301"
"posts-concursos","/concursos/concurso-2008/","301"
"posts-concursos","/concursos/concursos-2024/","301"
"posts-concursos","/concursos/declaracao-concursos-e-selecoes-publicas-2026/","301"
"posts-estagiarios","/estagiarios/estagiarios-2023/","301"
"posts-estagiarios","/estagiarios/estagiarios-2024/","301"
"posts-estagiarios","/estagiarios/estagiarios-2022/","301"
"posts-estagiarios","/estagiarios/estagiarios-2025/","301"
"posts-estagiarios","/estagiarios/estagiarios-2026/","301"
"posts-terceirizados","/terceirizados/terceirizados-2023/","301"
"posts-terceirizados","/terceirizados/terceirizados-2024/","301"
"posts-terceirizados","/terceirizados/terceirizados-2022/","301"
"posts-terceirizados","/terceirizados/terceirizados-2025/","301"
"posts-terceirizados","/terceirizados/terceirizados-2026/","301"
"posts-acordos","/acordos/acordos-2023/","301"
"posts-acordos","/acordos/acordo-2024/","301"
"posts-acordos","/acordos/acordos-2022/","301"
"posts-acordos","/acordos/acordo-2025/","301"
"posts-acordos","/acordos/acordo-2026/","301"
"posts-transfrealizada","/transfrealizada/transferencias-realizadas-2024/","301"
"posts-transfrealizada","/transfrealizada/transferencias-realizadas-2023/","301"
"posts-transfrealizada","/transfrealizada/transferencias-realizadas-2022/","301"
"posts-transfrealizada","/transfrealizada/transferencias-realizadas-2025/","301"
"posts-transfrealizada","/transfrealizada/transferencias-realizadas-2026/","301"
"posts-transfvoluntaria","/transfvoluntaria/transferencias-recebidas-2024/","301"
"posts-transfvoluntaria","/transfvoluntaria/transferencias-recebidas-2023/","301"
"posts-transfvoluntaria","/transfvoluntaria/transferencias-recebidas-2022/","301"
"posts-transfvoluntaria","/transfvoluntaria/transferencias-recebidas-2025/","301"
"posts-transfvoluntaria","/transfvoluntaria/transferencias-recebidas-2026/","301"
"posts-verbas","/verbas/verbas-2023/","301"
"posts-verbas","/verbas/verbas-2025/","301"
"posts-verbas","/verbas/verbas-2024/","301"
"posts-verbas","/verbas/verbas-2022/","301"
"posts-verbas","/verbas/verbas-2026/","301"
"posts-relatoriogestao","/relatoriogestao/relatorio-de-gestao-das-atividades-2023-e-2024/","301"
"posts-relatoriogestao","/relatoriogestao/relatorio-de-gestao-das-atividades-2025/","301"
"posts-relatoriogestao","/relatoriogestao/relatorio-de-gestao-legislativa-marco-de-2025/","301"
"posts-relatoriogestao","/relatoriogestao/relatorio-de-gestao-legislativa-abril-de-2025/","301"
"posts-relatoriogestao","/relatoriogestao/relatorio-de-gestao-legislativa-maio-de-2025/","301"
"posts-relatoriogestao","/relatoriogestao/relatorio-de-gestao-das-atividades-2022/","301"
"posts-relatoriogestao","/relatoriogestao/relatorio-de-gestao-das-atividades-2023/","301"
"posts-relatoriogestao","/relatoriogestao/relatorio-de-gestao-das-atividades-2021/","301"
"posts-relatoriogestao","/relatoriogestao/relatorio-de-gestao-das-atividades-2025-2/","301"
"posts-carta-de-servicos","/carta-de-servicos/carta-de-servicos-ao-usuarios-2025/","301"
"posts-plano-estrategico","/plano-estrategico/planejamento-estrategico-2025/","301"
"posts-plano-estrategico","/plano-estrategico/plano-estrategico-2026/","301"
"posts-apreciacao","/apreciacao/pca-2021/","301"
"posts-apreciacao","/apreciacao/pca-2022/","301"
"posts-apreciacao","/apreciacao/pca-2023/","301"
"posts-prestacao-de-contas","/prestacao-de-contas/pca-prestacao-de-contas-2021/","301"
"posts-prestacao-de-contas","/prestacao-de-contas/pca-prestacao-de-contas-2022/","301"
"posts-prestacao-de-contas","/prestacao-de-contas/pca-prestacao-de-contas-2023/","301"
"posts-prestacao-de-contas","/prestacao-de-contas/pca-prestacao-de-contas-2024/","301"
"posts-satisfacao","/satisfacao/pesquisa-de-satisfacao-2025/","301"
"posts-transparencia","/transparencia/contratos/","301"
"posts-transparencia","/transparencia/despesa-com-veiculos/","301"
"posts-transparencia","/transparencia/despesas/","301"
"posts-transparencia","/transparencia/despesas-com-covid-19/","301"
"posts-transparencia","/transparencia/documentos-de-pagamentos/","301"
"posts-transparencia","/transparencia/despesas-extra-orcamentaria-transferencias-financeiras/","301"
"posts-transparencia","/transparencia/despesas-extra-orcamentarias/","301"
"posts-transparencia","/transparencia/despesas-orcamentarias/","301"
"posts-transparencia","/transparencia/execucao-da-despesa/","301"
"posts-transparencia","/transparencia/e-sic/","301"
"posts-transparencia","/transparencia/servidores-cedidos/","301"
"posts-transparencia","/transparencia/rgf/","301"
"posts-transparencia","/transparencia/regulamentacao-lai/","301"
"posts-transparencia","/transparencia/receitas/","301"
"posts-transparencia","/transparencia/receitas-com-o-covid-19/","301"
"posts-transparencia","/transparencia/quadro-funcional/","301"
"posts-transparencia","/transparencia/ppa/","301"
"posts-transparencia","/transparencia/rreo/","301"
"posts-transparencia","/transparencia/licitacoes-2/","301"
"posts-transparencia","/transparencia/licitacoes/","301"
"posts-transparencia","/transparencia/contratos-2/","301"
"posts-transparencia","/transparencia/frota-de-veiculos/","301"
"posts-transparencia","/transparencia/folha-de-pagamento/","301"
"posts-transparencia","/transparencia/servidores-temporarios/","301"
"posts-transparencia","/transparencia/receita-orcamentaria/","301"
"posts-transparencia","/transparencia/receitas-com-covid-19/","301"
"posts-transparencia","/transparencia/receita-extra-orcamentaria/","301"
"posts-transparencia","/transparencia/receita-extra-orcamentaria-transferencias/","301"
"posts-transparencia","/transparencia/receita-corrente-liquida/","301"
"posts-transparencia","/transparencia/previsao-executiva-da-receita/","301"
"posts-transparencia","/transparencia/demostrativos/","301"
"posts-transparencia","/transparencia/demostrativo-financeiro-mensal/","301"
"posts-transparencia","/transparencia/covid-19/","301"
"posts-transparencia","/transparencia/doacoes-com-covid-19/","301"
"posts-transparencia","/transparencia/despesas-com-diarias/","301"
"posts-transparencia","/transparencia/editais-e-documentos-de-licitacoes/","301"
"posts-transparencia","/transparencia/lei14129/","301"
"posts-transparencia","/transparencia/dados-abertos/","301"
"posts-transparencia","/transparencia/farmacia/","301"
"posts-transparencia","/transparencia/aviso-de-licitacao/","301"
"posts-transparencia","/transparencia/regimento-interno/","301"
"posts-transparencia","/transparencia/regulamentacao-do-padrao-remuneratorio-servidores/","301"
"posts-transparencia","/transparencia/regulamentacao-do-padrao-remuneratorio-vereadores/","301"
"posts-transparencia","/transparencia/tabela-do-padrao-remuneratorio-vereadores-e-servidores/","301"
"posts-transparencia","/transparencia/regulamentacao-das-diarias/","301"
"posts-transparencia","/transparencia/tabela-das-diarias/","301"
"posts-transparencia","/transparencia/organograma-funcional-cm-sume/","301"
"posts-historia","/historia/historia-da-camara/","301"
"posts-a-legislativa","/atividades-legislativa/lei-municipal-no-1-640-2025/","301"
"posts-a-legislativa","/atividades-legislativa/lei-municipal-no-1-639-2025/","301"
"posts-a-legislativa","/atividades-legislativa/lei-municipal-no-1-638-2024/","301"
"posts-a-legislativa","/atividades-legislativa/lei-municipal-no-1-637-2024/","301"
"posts-a-legislativa","/atividades-legislativa/lei-municipal-no-1-636-2024/","301"
"posts-a-legislativa","/atividades-legislativa/lei-municipal-no-1-625-2024/","301"
"posts-a-legislativa","/atividades-legislativa/lei-municipal-no-1-635-2024/","301"
"posts-a-legislativa","/atividades-legislativa/lei-municipal-no-1-634-2024-damiao-rildo-da-silva/","301"
"posts-a-legislativa","/atividades-legislativa/lei-municipal-no-1-633-2024-damiao-rildo-da-silva/","301"
"posts-a-legislativa","/atividades-legislativa/lei-municipal-no-1-632-2024/","301"
"posts-a-legislativa","/atividades-legislativa/lei-municipal-no-1-631-2024/","301"
"posts-a-legislativa","/atividades-legislativa/lei-municipal-no-1-630-2024/","301"
"posts-a-legislativa","/atividades-legislativa/lei-no-1-629-2024/","301"
"posts-a-legislativa","/atividades-legislativa/lei-no-1-628-2024/","301"
"posts-a-legislativa","/atividades-legislativa/lei-no-1-627-2024/","301"
"posts-a-legislativa","/atividades-legislativa/lei-no-1-626-2024-vereador-damiao-rildo-da-silva/","301"
"posts-a-legislativa","/atividades-legislativa/lei-no-1-624-2024/","301"
"posts-a-legislativa","/atividades-legislativa/lei-no-1-623-2024/","301"
"posts-a-legislativa","/atividades-legislativa/lei-no-1-622-2024/","301"
"posts-a-legislativa","/atividades-legislativa/lei-no-1-621-2024/","301"
"posts-a-legislativa","/atividades-legislativa/lei-no-1-620-2024/","301"
"posts-a-legislativa","/atividades-legislativa/lei-no-1-619-2024-daniel-lela-araujo/","301"
"posts-a-legislativa","/atividades-legislativa/lei-no-1-618-2024/","301"
"posts-a-legislativa","/atividades-legislativa/lei-no-1-617-2024/","301"
"posts-a-legislativa","/atividades-legislativa/lei-no-1-616-2024/","301"
"posts-a-legislativa","/atividades-legislativa/lei-no-1-615-2024/","301"
"posts-a-legislativa","/atividades-legislativa/lei-no-1-614-2024/","301"
"posts-a-legislativa","/atividades-legislativa/lei-no-1-613-2024/","301"
"posts-a-legislativa","/atividades-legislativa/lei-no-1-612-2024/","301"
"posts-a-legislativa","/atividades-legislativa/lei-no-1-611-2024/","301"
"posts-a-legislativa","/atividades-legislativa/lei-no-1-610-2024/","301"
"posts-a-legislativa","/atividades-legislativa/lei-no-1-609-2024/","301"
"posts-a-legislativa","/atividades-legislativa/lei-no-1-608-2024/","301"
"posts-a-legislativa","/atividades-legislativa/lei-no-1-607-2024/","301"
"posts-a-legislativa","/atividades-legislativa/lei-no-1-605-2024/","301"
"posts-a-legislativa","/atividades-legislativa/lei-no-1-606-2024/","301"
"posts-a-legislativa","/atividades-legislativa/lei-no-1-604-2024/","301"
"posts-a-legislativa","/atividades-legislativa/lei-no-1-603-2024/","301"
"posts-a-legislativa","/atividades-legislativa/lei-no-1-602-2024/","301"
"posts-a-legislativa","/atividades-legislativa/lei-no-1-601-2024/","301"
"posts-a-legislativa","/atividades-legislativa/lei-no-1-600-2023/","301"
"posts-a-legislativa","/atividades-legislativa/lei-no-1-599-2023/","301"
"posts-a-legislativa","/atividades-legislativa/lei-no-1-598-2023/","301"
"posts-a-legislativa","/atividades-legislativa/lei-no-1-597-2023/","301"
"posts-a-legislativa","/atividades-legislativa/lei-no-1-597-2023-2/","301"
"posts-a-legislativa","/atividades-legislativa/lei-no-1-595-2023/","301"
"posts-a-legislativa","/atividades-legislativa/lei-no-1-594-2023/","301"
"posts-a-legislativa","/atividades-legislativa/lei-no-1-593-2023/","301"
"posts-a-legislativa","/atividades-legislativa/lei-no-1-592-2023/","301"
"posts-a-legislativa","/atividades-legislativa/lei-no-1-591-2023/","301"
"posts-a-legislativa","/atividades-legislativa/lei-no-1-590-2023/","301"
"posts-a-legislativa","/atividades-legislativa/lei-no-1-589-2023/","301"
"posts-a-legislativa","/atividades-legislativa/lei-no-1-588-2023/","301"
"posts-a-legislativa","/atividades-legislativa/lei-no-1-587-2023/","301"
"posts-a-legislativa","/atividades-legislativa/lei-no-1-586-2023/","301"
"posts-a-legislativa","/atividades-legislativa/lei-no-1-585-2023/","301"
"posts-a-legislativa","/atividades-legislativa/lei-no-1-584-2023/","301"
"posts-a-legislativa","/atividades-legislativa/lei-no-1-583-2023/","301"
"posts-a-legislativa","/atividades-legislativa/lei-no-1-582-2023/","301"
"posts-a-legislativa","/atividades-legislativa/lei-no-1-581-2023/","301"
"posts-a-legislativa","/atividades-legislativa/lei-no-1-580-2023/","301"
"posts-a-legislativa","/atividades-legislativa/lei-no-1-579-2023/","301"
"posts-a-legislativa","/atividades-legislativa/lei-no-1-578-2023/","301"
"posts-a-legislativa","/atividades-legislativa/lei-no-1-577-2023/","301"
"posts-a-legislativa","/atividades-legislativa/lei-no-1-576-2023/","301"
"posts-a-legislativa","/atividades-legislativa/lei-no-1-575-2023/","301"
"posts-a-legislativa","/atividades-legislativa/lei-no-1-574-2023/","301"
"posts-a-legislativa","/atividades-legislativa/lei-no-1-573-2023/","301"
"posts-a-legislativa","/atividades-legislativa/lei-no-1-572-2023/","301"
"posts-a-legislativa","/atividades-legislativa/lei-no-1-571-2023/","301"
"posts-a-legislativa","/atividades-legislativa/lei-no-1-570-2023/","301"
"posts-a-legislativa","/atividades-legislativa/lei-no-1-569-2023/","301"
"posts-a-legislativa","/atividades-legislativa/lei-no-1-568-2023/","301"
"posts-a-legislativa","/atividades-legislativa/lei-no-1-567-2023/","301"
"posts-a-legislativa","/atividades-legislativa/lei-no-1-566-2023/","301"
"posts-a-legislativa","/atividades-legislativa/lei-no-1-565-2023/","301"
"posts-a-legislativa","/atividades-legislativa/lei-no-1-564-2023/","301"
"posts-a-legislativa","/atividades-legislativa/lei-no-1-563-2023/","301"
"posts-a-legislativa","/atividades-legislativa/lei-no-1-562-2023/","301"
"posts-a-legislativa","/atividades-legislativa/lei-no-1-561-2023/","301"
"posts-a-legislativa","/atividades-legislativa/lei-no-1-560-2023/","301"
"posts-a-legislativa","/atividades-legislativa/lei-no-1-559-2023/","301"
"posts-a-legislativa","/atividades-legislativa/lei-no-1-558-2023/","301"
"posts-a-legislativa","/atividades-legislativa/lei-no-1-557-2023/","301"
"posts-a-legislativa","/atividades-legislativa/lei-no-1-556-2023/","301"
"posts-a-legislativa","/atividades-legislativa/lei-no-1-555-2023/","301"
"posts-a-legislativa","/atividades-legislativa/lei-no-1-554-2023/","301"
"posts-a-legislativa","/atividades-legislativa/lei-no-1-553-2023/","301"
"posts-a-legislativa","/atividades-legislativa/lei-no-1-552-2023/","301"
"posts-a-legislativa","/atividades-legislativa/lei-no-1-551-2023/","301"
"posts-a-legislativa","/atividades-legislativa/lei-no-1-550-2023/","301"
"posts-a-legislativa","/atividades-legislativa/lei-no-1-549-2023/","301"
"posts-a-legislativa","/atividades-legislativa/lei-no-1-548-2023/","301"
"posts-a-legislativa","/atividades-legislativa/lei-no-1-547-2023/","301"
"posts-a-legislativa","/atividades-legislativa/lei-no-1-546-2023/","301"
"posts-a-legislativa","/atividades-legislativa/lei-no-1-545-2023/","301"
"posts-a-legislativa","/atividades-legislativa/lei-no-1-544-2023/","301"
"posts-a-legislativa","/atividades-legislativa/lei-no-1-543-2023/","301"
"posts-a-legislativa","/atividades-legislativa/lei-no-1-542-2023/","301"
"posts-a-legislativa","/atividades-legislativa/lei-no-1-541-2023/","301"
"posts-a-legislativa","/atividades-legislativa/lei-no-1-540-2023/","301"
"posts-a-legislativa","/atividades-legislativa/lei-no-1-539-2023/","301"
"posts-a-legislativa","/atividades-legislativa/lei-no-1-538-2023/","301"
"posts-a-legislativa","/atividades-legislativa/lei-no-1-537-2023/","301"
"posts-a-legislativa","/atividades-legislativa/lei-no-1-536-2023/","301"
"posts-a-legislativa","/atividades-legislativa/lei-no-1-535-2023/","301"
"posts-a-legislativa","/atividades-legislativa/lei-no-1-534-2023/","301"
"posts-a-legislativa","/atividades-legislativa/lei-no-1-533-2023/","301"
"posts-a-legislativa","/atividades-legislativa/lei-no-1-532-2023/","301"
"posts-a-legislativa","/atividades-legislativa/lei-no-1-531-2023/","301"
"posts-a-legislativa","/atividades-legislativa/lei-no-1-530-2023/","301"
"posts-a-legislativa","/atividades-legislativa/lei-no-1-529-2023/","301"
"posts-a-legislativa","/atividades-legislativa/lei-no-1-528-2023/","301"
"posts-a-legislativa","/atividades-legislativa/lei-no-1-527-2023/","301"
"posts-a-legislativa","/atividades-legislativa/lei-no-1-526-2023/","301"
"posts-a-legislativa","/atividades-legislativa/lei-no-1-525-2023/","301"
"posts-a-legislativa","/atividades-legislativa/lei-no-1-524-2023/","301"
"posts-a-legislativa","/atividades-legislativa/lei-no-1-523-2023/","301"
"posts-a-legislativa","/atividades-legislativa/lei-no-1-522-2023/","301"
"posts-a-legislativa","/atividades-legislativa/lei-no-1-521-2023/","301"
"posts-a-legislativa","/atividades-legislativa/lei-no-1-520-2023/","301"
"posts-a-legislativa","/atividades-legislativa/lei-no-1-519-2023/","301"
"posts-a-legislativa","/atividades-legislativa/lei-no-1-518-2023/","301"
"posts-a-legislativa","/atividades-legislativa/lei-no-1-517-2023/","301"
"posts-a-legislativa","/atividades-legislativa/lei-no-1-516-2023/","301"
"posts-a-legislativa","/atividades-legislativa/lei-no-1-515-2022/","301"
"posts-a-legislativa","/atividades-legislativa/lei-no-1-514-2022/","301"
"posts-a-legislativa","/atividades-legislativa/lei-no-1-513-2022/","301"
"posts-a-legislativa","/atividades-legislativa/lei-no-1-512-2022/","301"
"posts-a-legislativa","/atividades-legislativa/lei-no-1-511-2022/","301"
"posts-a-legislativa","/atividades-legislativa/lei-no-1-510-2022/","301"
"posts-a-legislativa","/atividades-legislativa/lei-no-1-509-2022/","301"
"posts-a-legislativa","/atividades-legislativa/lei-no-1-507-2022/","301"
"posts-a-legislativa","/atividades-legislativa/lei-no-1-508-2022/","301"
"posts-a-legislativa","/atividades-legislativa/lei-no-1-506-2022/","301"
"posts-a-legislativa","/atividades-legislativa/lei-complementar-no-0044-2022/","301"
"posts-a-legislativa","/atividades-legislativa/veto-no-0001-2022/","301"
"posts-a-legislativa","/atividades-legislativa/13191/","301"
"posts-a-legislativa","/atividades-legislativa/lei-no-1-504-2022/","301"
"posts-a-legislativa","/atividades-legislativa/lei-no-1-502-2022/","301"
"posts-a-legislativa","/atividades-legislativa/lei-no-1-500-2022/","301"
"posts-a-legislativa","/atividades-legislativa/lei-no-1-499-2022/","301"
"posts-a-legislativa","/atividades-legislativa/lei-no-1-498-2022/","301"
"posts-a-legislativa","/atividades-legislativa/lei-no-1-496-2022/","301"
"posts-a-legislativa","/atividades-legislativa/lei-no-1-495-2022/","301"
"posts-a-legislativa","/atividades-legislativa/lei-no-1-494-2022/","301"
"posts-a-legislativa","/atividades-legislativa/lei-no-1-493-2022/","301"
"posts-a-legislativa","/atividades-legislativa/lei-no-1-492-2022/","301"
"posts-a-legislativa","/atividades-legislativa/lei-no-1-491-2022/","301"
"posts-a-legislativa","/atividades-legislativa/lei-no-1-490-2022/","301"
"posts-a-legislativa","/atividades-legislativa/lei-no-1-489-2022/","301"
"posts-a-legislativa","/atividades-legislativa/lei-no-1-488-2022/","301"
"posts-a-legislativa","/atividades-legislativa/lei-no-1-487-2022/","301"
"posts-a-legislativa","/atividades-legislativa/lei-no-1-486-2022/","301"
"posts-a-legislativa","/atividades-legislativa/lei-no-1-485-2022/","301"
"posts-a-legislativa","/atividades-legislativa/lei-no-1-483-2022/","301"
"posts-a-legislativa","/atividades-legislativa/lei-no-1-482-2022/","301"
"posts-a-legislativa","/atividades-legislativa/lei-no-1-481-2022/","301"
"posts-a-legislativa","/atividades-legislativa/lei-no-1-480-2022/","301"
"posts-a-legislativa","/atividades-legislativa/lei-no-1-479-2022/","301"
"posts-a-legislativa","/atividades-legislativa/lei-no-1-478-2022/","301"
"posts-a-legislativa","/atividades-legislativa/lei-no-1-475-2022/","301"
"posts-a-legislativa","/atividades-legislativa/lei-no-1-474-2022/","301"
"posts-a-legislativa","/atividades-legislativa/lei-no-1-473-2022/","301"
"posts-a-legislativa","/atividades-legislativa/lei-no-1-470-2022/","301"
"posts-a-legislativa","/atividades-legislativa/lei-no-1-469-2022/","301"
"posts-a-legislativa","/atividades-legislativa/lei-no-1-468-2022/","301"
"posts-a-legislativa","/atividades-legislativa/lei-no-1-467-2022/","301"
"posts-a-legislativa","/atividades-legislativa/lei-no-1-466-2022/","301"
"posts-a-legislativa","/atividades-legislativa/lei-no-1-463-2022/","301"
"posts-a-legislativa","/atividades-legislativa/lei-no-1-464-2022/","301"
"posts-a-legislativa","/atividades-legislativa/lei-no-1-462-2022/","301"
"posts-a-legislativa","/atividades-legislativa/lei-no-1-461-2022/","301"
"posts-a-legislativa","/atividades-legislativa/lei-no-1-460-2022/","301"
"posts-a-legislativa","/atividades-legislativa/lei-no-1-450/","301"
"posts-a-legislativa","/atividades-legislativa/lei-no-1-451-2021/","301"
"posts-a-legislativa","/atividades-legislativa/lei-no-1-452-2021/","301"
"posts-a-legislativa","/atividades-legislativa/lei-no-1-454-2021/","301"
"posts-a-legislativa","/atividades-legislativa/lei-no-1-453-2021/","301"
"posts-a-legislativa","/atividades-legislativa/lei-no-1-455-2021/","301"
"posts-a-legislativa","/atividades-legislativa/lei-no-1-456-2021/","301"
"posts-a-legislativa","/atividades-legislativa/lei-no-1-457-2021/","301"
"posts-a-legislativa","/atividades-legislativa/lei-no-1-458-2021/","301"
"posts-a-legislativa","/atividades-legislativa/lei-no-1-459-2021/","301"
"posts-a-legislativa","/atividades-legislativa/lei-no-1-449-2021/","301"
"posts-a-legislativa","/atividades-legislativa/lei-no-1-448-2021/","301"
"posts-a-legislativa","/atividades-legislativa/lei-no-1-447-2021/","301"
"posts-a-legislativa","/atividades-legislativa/lei-complementar-no-0041-2021/","301"
"posts-a-legislativa","/atividades-legislativa/lei-no-1-446-2021/","301"
"posts-a-legislativa","/atividades-legislativa/lei-no-1-445-2021/","301"
"posts-a-legislativa","/atividades-legislativa/lei-no-1-444-2021/","301"
"posts-a-legislativa","/atividades-legislativa/lei-no-1-443-2021/","301"
"posts-a-legislativa","/atividades-legislativa/lei-no-1-442-2021/","301"
"posts-a-legislativa","/atividades-legislativa/lei-no-1-441-2021/","301"
"posts-a-legislativa","/atividades-legislativa/lei-no-1-440-2021/","301"
"posts-a-legislativa","/atividades-legislativa/lei-no-1-439-2021/","301"
"posts-a-legislativa","/atividades-legislativa/lei-no-1-438-2021/","301"
"posts-a-legislativa","/atividades-legislativa/lei-no-1-437-2021/","301"
"posts-a-legislativa","/atividades-legislativa/lei-no-1-436-2021/","301"
"posts-a-legislativa","/atividades-legislativa/lei-no-1-435-2021/","301"
"posts-a-legislativa","/atividades-legislativa/lei-no-1-434-2021/","301"
"posts-a-legislativa","/atividades-legislativa/lei-complementar-no-0040-2021/","301"
"posts-a-legislativa","/atividades-legislativa/lei-no-1-432-2021/","301"
"posts-a-legislativa","/atividades-legislativa/lei-no-1-431-2021/","301"
"posts-a-legislativa","/atividades-legislativa/lei-no-1-430-2021/","301"
"posts-a-legislativa","/atividades-legislativa/lei-no-1-429-2021/","301"
"posts-a-legislativa","/atividades-legislativa/lei-no-1-428-2021/","301"
"posts-a-legislativa","/atividades-legislativa/lei-no-1-427-2021/","301"
"posts-a-legislativa","/atividades-legislativa/lei-no-1-426-2021/","301"
"posts-a-legislativa","/atividades-legislativa/lei-no-1-425-2021/","301"
"posts-a-legislativa","/atividades-legislativa/lei-no-1-424-2021/","301"
"posts-a-legislativa","/atividades-legislativa/lei-no-1-423-2021/","301"
"posts-a-legislativa","/atividades-legislativa/lei-no-1-422-2021/","301"
"posts-a-legislativa","/atividades-legislativa/lei-no-1-421-2021/","301"
"posts-a-legislativa","/atividades-legislativa/lei-no-1-420-2021/","301"
"posts-a-legislativa","/atividades-legislativa/lei-no-1-419-2021/","301"
"posts-a-legislativa","/atividades-legislativa/lei-no-1-418-2021/","301"
"posts-a-legislativa","/atividades-legislativa/lei-no-1-417-2021/","301"
"posts-a-legislativa","/atividades-legislativa/lei-no-1-415-2021/","301"
"posts-a-legislativa","/atividades-legislativa/lei-no-1-413-2021/","301"
"posts-a-legislativa","/atividades-legislativa/lei-no-1-416-2021/","301"
"posts-a-legislativa","/atividades-legislativa/lei-no-1-414-2021/","301"
"posts-a-legislativa","/atividades-legislativa/lei-no-1-412-2021/","301"
"posts-a-legislativa","/atividades-legislativa/lei-no-1-411-2021/","301"
"posts-a-legislativa","/atividades-legislativa/lei-no-1-410-2021/","301"
"posts-a-legislativa","/atividades-legislativa/lei-no-1-409-2021/","301"
"posts-a-legislativa","/atividades-legislativa/lei-no-1-408-2021/","301"
"posts-a-legislativa","/atividades-legislativa/lei-no-1-407-2021/","301"
"posts-a-legislativa","/atividades-legislativa/lei-no-1-406-2021/","301"
"posts-a-legislativa","/atividades-legislativa/lei-no-1-405-2021/","301"
"posts-a-legislativa","/atividades-legislativa/lei-no-1-404-2021/","301"
"posts-a-legislativa","/atividades-legislativa/lei-no-1-403-2021/","301"
"posts-a-legislativa","/atividades-legislativa/lei-no-1-400-2020/","301"
"posts-a-legislativa","/atividades-legislativa/lei-no-1-399-2020/","301"
"posts-a-legislativa","/atividades-legislativa/lei-no-1-398-2020/","301"
"posts-a-legislativa","/atividades-legislativa/lei-no-1-397-2020/","301"
"posts-a-legislativa","/atividades-legislativa/lei-no-1-396-2020/","301"
"posts-a-legislativa","/atividades-legislativa/lei-no-1-395-2020/","301"
"posts-a-legislativa","/atividades-legislativa/lei-no-1-394-2020/","301"
"posts-a-legislativa","/atividades-legislativa/lei-no-1-393-2020/","301"
"posts-a-legislativa","/atividades-legislativa/lei-no-1-392-2020/","301"
"posts-a-legislativa","/atividades-legislativa/lei-no-1-391-2020/","301"
"posts-a-legislativa","/atividades-legislativa/lei-no-1-390-2020/","301"
"posts-a-legislativa","/atividades-legislativa/lei-no-1-389-2020/","301"
"posts-a-legislativa","/atividades-legislativa/lei-no-1-388-2020/","301"
"posts-a-legislativa","/atividades-legislativa/lei-no-1-386-2020/","301"
"posts-a-legislativa","/atividades-legislativa/lei-no-1-385-2020/","301"
"posts-a-legislativa","/atividades-legislativa/lei-no-1-384-2020/","301"
"posts-a-legislativa","/atividades-legislativa/lei-no-1-383-2020/","301"
"posts-a-legislativa","/atividades-legislativa/lei-no-1-382-2020/","301"
"posts-a-legislativa","/atividades-legislativa/lei-no-1-381-2020/","301"
"posts-a-legislativa","/atividades-legislativa/lei-no-1-380-2020/","301"
"posts-a-legislativa","/atividades-legislativa/lei-no-1-387-2020/","301"
"posts-a-legislativa","/atividades-legislativa/lei-no-1-379-2020/","301"
"posts-a-legislativa","/atividades-legislativa/lei-no-1-378-2020/","301"
"posts-a-legislativa","/atividades-legislativa/lei-no-1-377-2020/","301"
"posts-a-legislativa","/atividades-legislativa/lei-no-1-376-2020/","301"
"posts-a-legislativa","/atividades-legislativa/lei-no-1-374-2020/","301"
"posts-a-legislativa","/atividades-legislativa/lei-no-1-373-2020/","301"
"posts-a-legislativa","/atividades-legislativa/lei-no-1-372-2020-2/","301"
"posts-a-legislativa","/atividades-legislativa/lei-no-1-371-2020/","301"
"posts-a-legislativa","/atividades-legislativa/lei-no-1-370-2020/","301"
"posts-a-legislativa","/atividades-legislativa/lei-no-1-369-2020/","301"
"posts-a-legislativa","/atividades-legislativa/lei-no-1-368-2020/","301"
"posts-a-legislativa","/atividades-legislativa/lei-no-1-367-2020/","301"
"posts-a-legislativa","/atividades-legislativa/lei-no-1-366-2020/","301"
"posts-a-legislativa","/atividades-legislativa/lei-no-1-365-2020/","301"
"posts-a-legislativa","/atividades-legislativa/lei-no-1-364-2020/","301"
"posts-a-legislativa","/atividades-legislativa/lei-no-1-363-2020/","301"
"posts-a-legislativa","/atividades-legislativa/lei-no-1-362-2020/","301"
"posts-a-legislativa","/atividades-legislativa/lei-no-1-361-2020/","301"
"posts-a-legislativa","/atividades-legislativa/lei-no-1-360-2020/","301"
"posts-a-legislativa","/atividades-legislativa/lei-no-1-359-2020/","301"
"posts-a-legislativa","/atividades-legislativa/lei-no-1-358-2020/","301"
"posts-a-legislativa","/atividades-legislativa/lei-no-1-357-2020/","301"
"posts-a-legislativa","/atividades-legislativa/lei-no-1-356-2020/","301"
"posts-a-legislativa","/atividades-legislativa/lei-no-1-355-2020/","301"
"posts-a-legislativa","/atividades-legislativa/lei-no-1-354-2020/","301"
"posts-a-legislativa","/atividades-legislativa/lei-no-1-353-2020/","301"
"posts-a-legislativa","/atividades-legislativa/lei-no-1-352-2020/","301"
"posts-a-legislativa","/atividades-legislativa/lei-no-1-351-2020/","301"
"posts-a-legislativa","/atividades-legislativa/lei-no-1-350-2020/","301"
"posts-a-legislativa","/atividades-legislativa/lei-no-1-349-2020/","301"
"posts-a-legislativa","/atividades-legislativa/lei-no-1-348-2020/","301"
"posts-a-legislativa","/atividades-legislativa/lei-no-1-347-2020/","301"
"posts-a-legislativa","/atividades-legislativa/14138/","301"
"posts-a-legislativa","/atividades-legislativa/indicacao-no-004-2025/","301"
"posts-a-legislativa","/atividades-legislativa/indicacao-no-005-2025/","301"
"posts-a-legislativa","/atividades-legislativa/indicacao-no-006-2025/","301"
"posts-a-legislativa","/atividades-legislativa/projeto-de-lei-no-905-2025/","301"
"posts-a-legislativa","/atividades-legislativa/projeto-de-lei-n-910-2025/","301"
"posts-a-legislativa","/atividades-legislativa/requerimento-01-voto-de-pesar/","301"
"posts-a-legislativa","/atividades-legislativa/requerimento-02-voto-de-pesar/","301"
"posts-a-legislativa","/atividades-legislativa/requerimento-08/","301"
"posts-a-legislativa","/atividades-legislativa/requerimento-09-voto-de-pesar/","301"
"posts-a-legislativa","/atividades-legislativa/requerimento-09/","301"
"posts-a-legislativa","/atividades-legislativa/requerimento-09_1/","301"
"posts-a-legislativa","/atividades-legislativa/requerimento-01/","301"
"posts-a-legislativa","/atividades-legislativa/requerimento-01_1/","301"
"posts-a-legislativa","/atividades-legislativa/indicacao-no-001/","301"
"posts-a-legislativa","/atividades-legislativa/indicacao-no-002/","301"
"posts-a-legislativa","/atividades-legislativa/reqeurimento-verbal-no-01-oficio-no-59/","301"
"posts-a-legislativa","/atividades-legislativa/requerimento-02/","301"
"posts-a-legislativa","/atividades-legislativa/requerimento-02_1/","301"
"posts-a-legislativa","/atividades-legislativa/requerimento-03-voto-de-pesar/","301"
"posts-a-legislativa","/atividades-legislativa/requerimento-03/","301"
"posts-a-legislativa","/atividades-legislativa/requerimento-03_1/","301"
"posts-a-legislativa","/atividades-legislativa/requerimento-04/","301"
"posts-a-legislativa","/atividades-legislativa/requerimento-04_1/","301"
"posts-a-legislativa","/atividades-legislativa/requerimento-04_2/","301"
"posts-a-legislativa","/atividades-legislativa/requerimento-05-retirado/","301"
"posts-a-legislativa","/atividades-legislativa/requerimento-05/","301"
"posts-a-legislativa","/atividades-legislativa/requerimento-05_1/","301"
"posts-a-legislativa","/atividades-legislativa/requerimento-05_2/","301"
"posts-a-legislativa","/atividades-legislativa/requerimento-06-retirado/","301"
"posts-a-legislativa","/atividades-legislativa/requerimento-06/","301"
"posts-a-legislativa","/atividades-legislativa/requerimento-06_1/","301"
"posts-a-legislativa","/atividades-legislativa/requerimento-07-voto-de-pesar/","301"
"posts-a-legislativa","/atividades-legislativa/requerimento-07/","301"
"posts-a-legislativa","/atividades-legislativa/requerimento-07_1/","301"
"posts-a-legislativa","/atividades-legislativa/requerimento-08_1/","301"
"posts-a-legislativa","/atividades-legislativa/requerimento-08_2/","301"
"posts-a-legislativa","/atividades-legislativa/requerimento-09_1-2/","301"
"posts-a-legislativa","/atividades-legislativa/requerimento-10-voto-de-pesar/","301"
"posts-a-legislativa","/atividades-legislativa/requerimento-11-voto-de-aplauso/","301"
"posts-a-legislativa","/atividades-legislativa/requerimento-verbal-no-01-oficio-19/","301"
"posts-a-legislativa","/atividades-legislativa/requerimento-verbal-no-01-oficio-no-86/","301"
"posts-a-legislativa","/atividades-legislativa/portaria-no-30-exoneracao/","301"
"posts-a-legislativa","/atividades-legislativa/resolucao-no-146-diego-galdino/","301"
"posts-a-legislativa","/atividades-legislativa/resolucao-no-147-pastor-jose-galdino/","301"
"posts-a-legislativa","/atividades-legislativa/resolucao-no-148-jose-aristides/","301"
"posts-a-legislativa","/atividades-legislativa/resolucao-no-149-luciano-correia/","301"
"posts-a-legislativa","/atividades-legislativa/resolucao-no-150-sargento-assis/","301"
"posts-a-legislativa","/atividades-legislativa/requerimento-no-02/","301"
"posts-a-legislativa","/atividades-legislativa/requerimento-10/","301"
"posts-a-legislativa","/atividades-legislativa/requerimento-10_1/","301"
"posts-a-legislativa","/atividades-legislativa/requerimento-11-voto-de-aplauso-2/","301"
"posts-a-legislativa","/atividades-legislativa/projeto-de-resolucao-no-152-arthur-vilar/","301"
"posts-a-legislativa","/atividades-legislativa/projeto-de-resolucao-no-153-pedro-fidelis/","301"
"posts-a-legislativa","/atividades-legislativa/projeto-de-resolucao-no-163-jose-erinaldo/","301"
"posts-a-legislativa","/atividades-legislativa/indicacao-no-01-2026/","301"
"posts-a-legislativa","/atividades-legislativa/indicacao-no-04-2026/","301"
"posts-a-legislativa","/atividades-legislativa/indicacao-no-15-2026/","301"
"posts-a-legislativa","/atividades-legislativa/indicacao-no-003-2026/","301"
"posts-a-legislativa","/atividades-legislativa/indicacao-no-03-2026/","301"
"posts-a-legislativa","/atividades-legislativa/indicacao-no-14-2026/","301"
"posts-a-legislativa","/atividades-legislativa/autografo-no-804-2026-ao-projeto-de-lei-n-990-2026-de-autoria-do-poder-executivo/","301"
"posts-a-legislativa","/atividades-legislativa/requerimento-no-47-2026/","301"
"posts-a-legislativa","/atividades-legislativa/requerimento-no-17-2026/","301"
"posts-a-legislativa","/atividades-legislativa/requerimento-no-18-2026/","301"
"posts-a-legislativa","/atividades-legislativa/requerimento-no-20-2026/","301"
"posts-a-legislativa","/atividades-legislativa/requerimento-no-21-2025/","301"
"posts-a-legislativa","/atividades-legislativa/requerimento-no-21-2026/","301"
"posts-a-legislativa","/atividades-legislativa/requerimento-no-22-2026/","301"
"posts-a-legislativa","/atividades-legislativa/requerimento-no-22-2026-2/","301"
"posts-a-legislativa","/atividades-legislativa/requerimento-no-31-2025/","301"
"posts-a-legislativa","/atividades-legislativa/requerimento-no-41-2025/","301"
"posts-a-legislativa","/atividades-legislativa/requerimento-no-80-2026/","301"
"posts-a-legislativa","/atividades-legislativa/requerimento-no-48-2025/","301"
"posts-a-legislativa","/atividades-legislativa/requerimento-no-50-2026/","301"
"posts-a-legislativa","/atividades-legislativa/requerimento-no-49-2026/","301"
"posts-a-legislativa","/atividades-legislativa/requerimento-no-49-2026-2/","301"
"posts-a-legislativa","/atividades-legislativa/requerimento-no-51-2026/","301"
"posts-a-legislativa","/atividades-legislativa/requerimento-no-76-2026/","301"
"posts-a-legislativa","/atividades-legislativa/requerimento-no-77-2026/","301"
"posts-a-legislativa","/atividades-legislativa/requerimento-no-78-2026/","301"
"posts-a-legislativa","/atividades-legislativa/requerimento-no-79-2026/","301"
"posts-a-legislativa","/atividades-legislativa/requerimento-no-85-2026/","301"
"posts-a-legislativa","/atividades-legislativa/requerimento-no-81-2026/","301"
"posts-a-legislativa","/atividades-legislativa/requerimento-no-82-2026/","301"
"posts-a-legislativa","/atividades-legislativa/requerimento-no-83-2026/","301"
"posts-a-legislativa","/atividades-legislativa/requerimento-no-84-2026/","301"
"posts-a-legislativa","/atividades-legislativa/requerimento-no-23-2026/","301"
"posts-a-legislativa","/atividades-legislativa/requerimento-no-90-2026/","301"
"posts-a-legislativa","/atividades-legislativa/requerimento-no-91-2026/","301"
"posts-a-legislativa","/atividades-legislativa/requerimento-no-89-2026/","301"
"posts-a-legislativa","/atividades-legislativa/requerimento-no-88-2026/","301"
"posts-a-legislativa","/atividades-legislativa/requerimento-no-87-2026/","301"
"posts-a-legislativa","/atividades-legislativa/requerimento-no-86-2026/","301"
"posts-a-legislativa","/atividades-legislativa/requerimento-no-52-2026/","301"
"posts-a-legislativa","/atividades-legislativa/requerimento-no-32-2026/","301"
"posts-a-legislativa","/atividades-legislativa/requerimento-no-23-2026-2/","301"
"posts-a-legislativa","/atividades-legislativa/requerimento-no-22-2026-3/","301"
"posts-a-legislativa","/atividades-legislativa/indicacao-004-2026/","301"
"posts-a-legislativa","/atividades-legislativa/requerimento-no-24-2026/","301"
"posts-a-legislativa","/atividades-legislativa/requerimento-no-24-2026-2/","301"
"posts-a-legislativa","/atividades-legislativa/requerimento-no-25-2026/","301"
"posts-a-legislativa","/atividades-legislativa/requerimento-no-26-2026/","301"
"posts-a-legislativa","/atividades-legislativa/requerimento-no-23-2026-3/","301"
"posts-a-legislativa","/atividades-legislativa/requerimento-no-95-2026/","301"
"posts-a-legislativa","/atividades-legislativa/requerimento-no-92-2026/","301"
"posts-a-legislativa","/atividades-legislativa/requerimentono-96-2026/","301"
"posts-a-legislativa","/atividades-legislativa/requerimento-no-94-2026/","301"
"posts-a-legislativa","/atividades-legislativa/requerimento-no-93-2026/","301"
"posts-a-legislativa","/atividades-legislativa/requerimento-no-50-2026-2/","301"
"posts-a-legislativa","/atividades-legislativa/requerimento-no-51-2026-2/","301"
"posts-a-legislativa","/atividades-legislativa/requerimento-no-09-2026/","301"
"posts-a-legislativa","/atividades-legislativa/requerimento-no-53-2026/","301"
"posts-a-legislativa","/atividades-legislativa/autografo-no-807-2026-ao-projeto-de-lei-n-999-2026-de-autoria-do-vereador-juan-victor-gomes-de-sa-pires-pereira/","301"
"posts-a-legislativa","/atividades-legislativa/autografo-no-805-2026-ao-projeto-de-lei-n-995-2026-de-autoria-do-vereador-jose-de-arimateia-silva/","301"
"posts-a-legislativa","/atividades-legislativa/autografo-no-806-2026-ao-projeto-de-lei-n-997-2026-de-autoria-da-mesa-diretora/","301"
"posts-a-legislativa","/atividades-legislativa/autografo-no-808-2026-ao-projeto-de-lei-n-1-000-2026-de-autoria-do-poder-executivo/","301"
"posts-a-legislativa","/atividades-legislativa/resolucao-no-180-2026/","301"
"posts-a-legislativa","/atividades-legislativa/no-53-2026/","301"
"posts-a-legislativa","/atividades-legislativa/no-97-2026/","301"
"posts-a-legislativa","/atividades-legislativa/no-57-2026/","301"
"posts-a-legislativa","/atividades-legislativa/no-56-2026/","301"
"posts-a-legislativa","/atividades-legislativa/no-55-2026/","301"
"posts-a-legislativa","/atividades-legislativa/no-54-2026/","301"
"posts-a-legislativa","/atividades-legislativa/no-54-2026-2/","301"
"posts-a-legislativa","/atividades-legislativa/no-52-2026/","301"
"posts-a-legislativa","/atividades-legislativa/17166/","301"
"posts-a-legislativa","/atividades-legislativa/no-34-2026/","301"
"posts-a-legislativa","/atividades-legislativa/no-33-2025/","301"
"posts-a-legislativa","/atividades-legislativa/no-21-2026/","301"
"posts-a-legislativa","/atividades-legislativa/no-19-2026/","301"
"posts-a-legislativa","/atividades-legislativa/no-10-2026/","301"
"posts-a-legislativa","/atividades-legislativa/no-24-2026/","301"
"posts-a-legislativa","/atividades-legislativa/projeto-de-resolucao-no-189-2026/","301"
"posts-a-legislativa","/atividades-legislativa/projeto-de-resolucao-no-188-2026/","301"
"posts-a-legislativa","/atividades-legislativa/projeto-de-lei-n-1001-2026/","301"
"posts-a-legislativa","/atividades-legislativa/projeto-de-lei-no-998/","301"
"posts-a-legislativa","/atividades-legislativa/projeto-de-lei-n-978-2026/","301"
"posts-a-legislativa","/atividades-legislativa/projeto-de-lei-n-977-2026/","301"
"posts-a-legislativa","/atividades-legislativa/projeto-de-lei-no-974-2026/","301"
"posts-a-legislativa","/atividades-legislativa/projeto-de-lei-no-973-2026/","301"
"posts-a-legislativa","/atividades-legislativa/indicacao-no-01-2026-2/","301"
"posts-a-legislativa","/atividades-legislativa/no-22-2026/","301"
"posts-a-legislativa","/atividades-legislativa/no-27-2026/","301"
"posts-a-legislativa","/atividades-legislativa/no-55-2026-2/","301"
"posts-a-legislativa","/atividades-legislativa/portaria-no-34-2026/","301"
"posts-a-legislativa","/atividades-legislativa/portaria-no-35-2026/","301"
"posts-a-legislativa","/atividades-legislativa/projeto-de-resolucao-no-193-2026/","301"
"posts-a-legislativa","/atividades-legislativa/projeto-de-resolucao-no-194-2026/","301"
"posts-a-legislativa","/atividades-legislativa/no-58-2026/","301"
"posts-a-legislativa","/atividades-legislativa/no-56-2026-2/","301"
"posts-a-legislativa","/atividades-legislativa/17337/","301"
"posts-a-legislativa","/atividades-legislativa/projeto-de-lei-no-1006-2026/","301"
"posts-a-legislativa","/atividades-legislativa/projeto-de-lei-n-1005-2026/","301"
"posts-a-legislativa","/atividades-legislativa/projeto-de-lei-no-992-2026/","301"
"posts-a-legislativa","/atividades-legislativa/projeto-de-lei-no-987-2026/","301"
"posts-a-legislativa","/atividades-legislativa/projeto-de-lei-no-994-2026/","301"
"posts-a-legislativa","/atividades-legislativa/projeto-de-lei-no-984-2026/","301"
"posts-a-legislativa","/atividades-legislativa/projeto-de-lei-no-982-2026/","301"
"posts-a-legislativa","/atividades-legislativa/projeto-de-lei-no-834-2023/","301"
"posts-a-legislativa","/atividades-legislativa/requerimento-no-10/","301"
"posts-a-legislativa","/atividades-legislativa/requerimento-no-98-2026/","301"
"posts-a-legislativa","/atividades-legislativa/requerimento-no-57-2026/","301"
"posts-a-legislativa","/atividades-legislativa/requerimento-no-30-2026/","301"
"posts-a-legislativa","/atividades-legislativa/requerimento-no-29-2026/","301"
"posts-a-legislativa","/atividades-legislativa/requerimento-no-28-2026/","301"
"posts-a-legislativa","/atividades-legislativa/requerimento-no-28-2026-2/","301"
"posts-a-legislativa","/atividades-legislativa/requerimento-no-27-2026/","301"
"posts-a-legislativa","/atividades-legislativa/requerimento-no-26-2026-2/","301"
"posts-a-legislativa","/atividades-legislativa/projeto-de-lei-no-1007-reajuste-anuel-servidores-atual/","301"
"posts-a-legislativa","/atividades-legislativa/resolucao-no-185-2026/","301"
"posts-a-legislativa","/atividades-legislativa/projeto-de-lei-no-1009-2026/","301"
"posts-a-legislativa","/atividades-legislativa/requerimento-no-20-2026-2/","301"
"posts-a-legislativa","/atividades-legislativa/requerimento-no-23-2026-4/","301"
"posts-a-legislativa","/atividades-legislativa/requerimento-no-100-2026/","301"
"posts-a-legislativa","/atividades-legislativa/requerimento-no-37-2026/","301"
"posts-a-legislativa","/atividades-legislativa/requerimento-no-38-2026/","301"
"posts-a-legislativa","/atividades-legislativa/requerimento-no-30-2026-2/","301"
"posts-a-legislativa","/atividades-legislativa/requerimento-no-29-2026-2/","301"
"posts-a-legislativa","/atividades-legislativa/requerimento-no-60-2026/","301"
"posts-a-legislativa","/atividades-legislativa/17456/","301"
"posts-a-legislativa","/atividades-legislativa/projeto-de-lei-no-1008-2026/","301"
"posts-a-legislativa","/atividades-legislativa/requerimento-60/","301"
"posts-a-legislativa","/atividades-legislativa/requerimento-no-59-2026/","301"
"posts-a-legislativa","/atividades-legislativa/requerimento-no-58-2026/","301"
"posts-a-legislativa","/atividades-legislativa/17505/","301"
"posts-a-legislativa","/atividades-legislativa/projeto-de-resolucao-n-198-2026/","301"
"posts-a-legislativa","/atividades-legislativa/projeto-de-resolucao-no-197-2026/","301"
"posts-a-legislativa","/atividades-legislativa/17510/","301"
"posts-a-legislativa","/atividades-legislativa/indicacao-005-2026/","301"
"posts-a-legislativa","/atividades-legislativa/decreto-legislativo-no-08-2026/","301"
"posts-a-legislativa","/atividades-legislativa/projeto-lei-municipal-no-1004/","301"
"posts-a-legislativa","/atividades-legislativa/veto-n-09-2026/","301"
"posts-publicacoes","/publicacoes-oficiais/portaria-no-09-2025/","200"
"posts-publicacoes","/publicacoes-oficiais/portaria-no-10-2025/","200"
"posts-publicacoes","/publicacoes-oficiais/portaria-no-11-2025/","200"
"posts-publicacoes","/publicacoes-oficiais/portaria-no-12-2025/","200"
"posts-publicacoes","/publicacoes-oficiais/portaria-no-13-2025/","200"
"posts-publicacoes","/publicacoes-oficiais/portaria-no-14-2025/","200"
"posts-publicacoes","/publicacoes-oficiais/portaria-no-15-2025/","200"
"posts-publicacoes","/publicacoes-oficiais/portaria-no-16-2025/","200"
"posts-publicacoes","/publicacoes-oficiais/portaria-no-17-2025/","200"
"posts-publicacoes","/publicacoes-oficiais/portaria-no-18-2025/","200"
"posts-publicacoes","/publicacoes-oficiais/portaria-no-19-2025/","200"
"posts-publicacoes","/publicacoes-oficiais/portaria-no-01-2025/","200"
"posts-publicacoes","/publicacoes-oficiais/portaria-no-05-2025/","200"
"posts-publicacoes","/publicacoes-oficiais/portaria-no-04-2025/","200"
"posts-publicacoes","/publicacoes-oficiais/portaria-no-06-2025/","200"
"posts-publicacoes","/publicacoes-oficiais/portaria-no-07-2025/","200"
"posts-publicacoes","/publicacoes-oficiais/portaria-no-08-2025/","200"
"posts-publicacoes","/publicacoes-oficiais/portaria-no-02-2025/","200"
"posts-publicacoes","/publicacoes-oficiais/portaria-no-03-2025/","200"
"posts-publicacoes","/publicacoes-oficiais/decreto-no-05-2025/","200"
"posts-publicacoes","/publicacoes-oficiais/portaria-no-26-2025/","200"
"posts-publicacoes","/publicacoes-oficiais/portaria-no-26-2025-2/","301"
"posts-publicacoes","/publicacoes-oficiais/portaria-no-27-2025/","200"
"posts-publicacoes","/publicacoes-oficiais/portaria-no-28-2025/","200"
"posts-perguntas-frequentes","/perguntas/quem-esta-obrigado-a-prestar-informacoes/","301"
"posts-perguntas-frequentes","/perguntas/quais-sao-as-informacoes-que-serao-disponibilizadas/","301"
"posts-perguntas-frequentes","/perguntas/quem-pode-solicitar-as-informacoes/","301"
"posts-perguntas-frequentes","/perguntas/e-necessorio-justificar-o-pedido-de-informacoes/","301"
"posts-perguntas-frequentes","/perguntas/pode-haver-pedido-de-solicitacao-de-informacao-anonimo/","301"
"posts-perguntas-frequentes","/perguntas/existe-prazo-para-resposta-da-administracao-publica/","301"
"posts-perguntas-frequentes","/perguntas/e-possivel-a-recusa-imotivada-a-prestacao-de-informacoes/","301"
"posts-perguntas-frequentes","/perguntas/a-administracao-publica-pode-cobrar-pelo-fornecimento-das-informacoes/","301"
"posts-perguntas-frequentes","/perguntas/onde-posso-ver-os-salarios-dos-servidores/","301"
"posts-perguntas-frequentes","/perguntas/qual-o-horario-de-funcionamento-da-camara/","301"
"posts-perguntas-frequentes","/perguntas/quem-sao-os-membros-da-mesa-diretora/","301"
"posts-perguntas-frequentes","/perguntas/qual-e-a-funcao-dos-vereadores/","301"
"posts-perguntas-frequentes","/perguntas/quando-e-como-ocorrem-as-sessoes/","301"
"posts-perguntas-frequentes","/perguntas/como-posso-acompanhar-os-projetos-de-lei/","301"
"posts-perguntas-frequentes","/perguntas/o-que-sao-comissoes-legislativas/","301"
"posts-perguntas-frequentes","/perguntas/como-posso-participar-das-sessoes/","301"
"posts-perguntas-frequentes","/perguntas/posso-fazer-sugestoes-ou-reclamacoes/","301"
"posts-perguntas-frequentes","/perguntas/como-posso-fazer-um-pedido-de-informacao/","301"
"posts-perguntas-frequentes","/perguntas/onde-encontro-os-gastos-da-camara/","301"
"posts-perguntas-frequentes","/perguntas/como-consultar-licitacoes-e-contratos/","301"
"posts-glossario","/glossario/a/","301"
"posts-glossario","/glossario/b/","301"
"posts-glossario","/glossario/c/","301"
"posts-glossario","/glossario/d/","301"
"posts-glossario","/glossario/e/","301"
"posts-glossario","/glossario/g/","301"
"posts-glossario","/glossario/f/","301"
"posts-glossario","/glossario/h/","301"
"posts-glossario","/glossario/i/","301"
"posts-glossario","/glossario/j/","301"
"posts-glossario","/glossario/k/","301"
"posts-glossario","/glossario/l/","301"
"posts-glossario","/glossario/m/","301"
"posts-glossario","/glossario/n/","301"
"posts-glossario","/glossario/o/","301"
"posts-glossario","/glossario/p/","301"
"posts-glossario","/glossario/q/","301"
"posts-glossario","/glossario/r/","301"
"posts-glossario","/glossario/s/","301"
"posts-glossario","/glossario/t/","301"
"posts-glossario","/glossario/u/","301"
"posts-glossario","/glossario/v/","301"
"posts-glossario","/glossario/w/","301"
"posts-glossario","/glossario/x/","301"
"posts-glossario","/glossario/y/","301"
"posts-glossario","/glossario/z/","301"
"posts-atas","/atas/primeira-sessao-extraordinaria-em-18-02-2025/","301"
"posts-atas","/atas/primeira-sessao-ordinaria-em-18-02-2025/","301"
"posts-atas","/atas/segunda-sessao-extraordinaria/","200"
"posts-atas","/atas/terceira-sessao-ordinaria/","200"
"posts-atas","/atas/quarta-sessao-ordinaria/","200"
"posts-atas","/atas/quinta-sessao-ordinaria/","200"
"posts-atas","/atas/sexta-sessao-ordinaria/","200"
"posts-atas","/atas/setima-sessao-ordinaria/","200"
"posts-atas","/atas/ata-da-quinta-sessao-extraordinaria/","301"
"posts-atas","/atas/ata-da-trigesima-nona-sessao-ordinaria/","301"
"posts-atas","/atas/ata-da-trigesima-oitava-sessao-ordinaria/","301"
"posts-atas","/atas/ata-da-trigesima-setima-sessao-ordinaria/","301"
"posts-atas","/atas/ata-da-sexta-sessao-extraordinaria/","301"
"posts-atas","/atas/ata-da-trigesima-sexta-sessao-ordinaria/","301"
"posts-atas","/atas/ata-da-trigesima-quinta-sessao-ordinaria/","301"
"posts-atas","/atas/ata-da-quadragesima-sessao-ordinaria/","301"
"posts-atas","/atas/ata-da-trigesima-quarta-sessao-ordinaria/","301"
"posts-atas","/atas/ata-da-quadragesima-primeira-sessao-ordinaria/","301"
"posts-atas","/atas/ata-da-quadragesima-segunda-sessao-ordinaria/","301"
"posts-acesso-rapido","/acesso-rapido/reunioes-ao-vivo/","301"
"posts-acesso-rapido","/acesso-rapido/atas-das-reunioes/","301"
"posts-acesso-rapido","/acesso-rapido/portal-da-transparencia/","301"
"posts-acesso-rapido","/acesso-rapido/vereadores/","301"
"posts-acesso-rapido","/acesso-rapido/leis-municipais/","301"
"posts-acesso-rapido","/acesso-rapido/regimento-interno/","301"
"posts-acesso-rapido","/acesso-rapido/sic/","301"
"posts-acesso-rapido","/acesso-rapido/ouvidoria/","301"
"posts-acesso-rapido","/acesso-rapido/relacao-de-estagiarios/","301"
"posts-acesso-rapido","/acesso-rapido/prestacao-de-contas-da-gestao/","301"
"posts-acesso-rapido","/acesso-rapido/funcionarios-terceirizados/","301"
"posts-acesso-rapido","/acesso-rapido/verbas-indenizatorias/","301"
"posts-acesso-rapido","/acesso-rapido/convenios-e-transferencias/","301"
"posts-acesso-rapido","/acesso-rapido/relatorio-de-gestao/","301"
"posts-acesso-rapido","/acesso-rapido/carta-de-servico/","301"
"posts-acesso-rapido","/acesso-rapido/plano-estrategico/","301"
"posts-acesso-rapido","/acesso-rapido/apreciacao-e-ou-julgamento/","301"
"posts-acesso-rapido","/acesso-rapido/obras/","301"
"posts-acesso-rapido","/acesso-rapido/concursos-e-selecoes-publicas/","301"
"posts-acesso-rapido","/acesso-rapido/pca/","301"
"posts-acesso-rapido","/acesso-rapido/rgf/","301"
"posts-acesso-rapido","/acesso-rapido/estrutura-organizacional/","301"
"posts-acesso-rapido","/acesso-rapido/parecer-do-legislativo-sobre-as-contas-do-executivo/","301"
"posts-acesso-rapido","/acesso-rapido/planos-anuais-de-contratacoes/","301"
"posts-legislatura","/legislatura/legislatura-2021-2024/","301"
"posts-vereador","/vereador/jose-de-arimateia-silva/","301"
"posts-vereador","/vereador/damiao-rildo-da-silva/","301"
"posts-vereador","/vereador/daniel-lela-araujo/","301"
"posts-vereador","/vereador/rosildo-alves-monteiro/","301"
"posts-vereador","/vereador/fernando-lima-freitas/","301"
"posts-vereador","/vereador/jane-isa-soares-da-silva-lima/","301"
"posts-vereador","/vereador/jeffeson-figueiredo-menezes/","301"
"posts-vereador","/vereador/jose-antonio-fernandes-de-oliveira/","301"
"posts-vereador","/vereador/rivaldo-oliveira-ramos/","301"
"posts-vereador","/vereador/bruno-stefanio-de-sousa-duarte/","301"
"posts-vereador","/vereador/juan-victor-gomes-de-sa-pires-pereira/","301"
"taxonomies-category","/noticias/","200"
"taxonomies-category","/noticias/gestao-2023-2024/","301"
"taxonomies-category","/getpublic/","404"
"taxonomies-tx_tipo_transparencia","/_tipo-transparencia/servidores/","301"
"taxonomies-tx_tipo_transparencia","/_tipo-transparencia/receitas/","301"
"taxonomies-tx_tipo_transparencia","/_tipo-transparencia/licitacoes-e-contratos/","301"
"taxonomies-tx_tipo_transparencia","/_tipo-transparencia/despesas/","301"
"taxonomies-tx_tipo_transparencia","/_tipo-transparencia/dados-abertos/","301"
"taxonomies-tx_tipo_transparencia","/_tipo-transparencia/contabilidade/","301"
"taxonomies-tx_tipo_transparencia","/_tipo-transparencia/acesso-a-informacao/","301"
"taxonomies-_ano_quadrimestre","/_ano_quadrimestre/anual/","301"
"taxonomies-tx_legislatura_mesa_diretora","/?taxonomy=tx_legislatura_mesa_diretora&term=bienio-2025-2026","200"
"taxonomies-tx_legislatura_mesa_diretora","/?taxonomy=tx_legislatura_mesa_diretora&term=legislatura-2025-2028","200"
"taxonomies-tx_legislatura_mesa_diretora","/?taxonomy=tx_legislatura_mesa_diretora&term=1o-secretarioa-bienio-2025-2026","200"
"taxonomies-tx_legislatura_mesa_diretora","/?taxonomy=tx_legislatura_mesa_diretora&term=2o-secretarioa-bienio-2025-2026","200"
"taxonomies-tx_legislatura_mesa_diretora","/?taxonomy=tx_legislatura_mesa_diretora&term=presidente-bienio-2025-2026","200"
"taxonomies-tx_legislatura_mesa_diretora","/?taxonomy=tx_legislatura_mesa_diretora&term=vice-presidente-bienio-2025-2026","200"
"taxonomies-_link-target","/_link-target/_blank/","301"
"taxonomies-tipo-pagina","/tipo-pagina/privado/","301"
"users","/author/hebert/","301"
"users","/author/helenilson/","301"
"users","/author/admin/","301"
"users","/author/rodolfo/","301"
"posts-page","/sample-page/","301"
"posts-page","/mesa-diretora/","200"
"posts-page","/indicacoes/","301"
"posts-page","/","200"
"posts-page","/atividades-legislativa/","200"
"posts-page","/user/","404"
"posts-page","/restricao/","404"
"posts-page","/dashboard/","404"
"posts-page","/envia-sms/","404"
"posts-page","/listagem-dos-vereadores/","301"
"posts-page","/listagem-das-legislaturas/","301"
"posts-page","/meus-tickets/","404"
"posts-page","/enviar-ticket/","404"
"posts-page","/atendimento/","404"
"posts-page","/thank-you/","404"
"posts-page","/account-2/","404"
"posts-page","/register/","404"
"posts-page","/edit-profile/","404"
"posts-page","/log-in/","404"
"posts-page","/segue_atendimento/","404"
"posts-page","/politica-de-privacidade/","200"
"posts-page","/fale-conosco/","301"
"posts-page","/pesquisa-de-satisfacao/","200"
"posts-page","/convenios-e-transferencias/","301"
"posts-page","/comissoes/","200"
"posts-page","/mapa-do-site/","301"
"posts-page","/licitantes-sancionados/","301"
"posts-page","/adesao-ata/","301"
"posts-page","/ocp/","301"
"posts-page","/fiscal-contrato/","301"
"posts-page","/aditivos/","301"
"posts-page","/despesas-mensais/","301"
"posts-page","/empenhos-detalhados/","301"
"posts-page","/duodecimos/","301"
"posts-post","/20260107083931/","404"
"posts-post","/20250123024542/","404"
"posts-post","/20251204090847-2/","404"
"posts-post","/20250701105210/","404"
"posts-post","/20251127115830/","404"
"posts-post","/20251016055729/","404"
"posts-post","/20251127115830/","404"
"posts-post","/20250820113320/","404"
"posts-post","/20260218042446-2/","404"
"posts-post","/20260218040618-2/","404"
"posts-post","/camara-de-vereadores-de-sume-analisa-e-vota-credito-adicional-para-areas-essenciais-em-sessao-extraordinaria/","404"
"posts-post","/20250226025721/","404"
"posts-post","/20251229122959/","404"
"posts-post","/20251121052135/","404"
"posts-post","/20251201032702-3/","404"
"posts-post","/20250226012853/","404"
"posts-post","/20251014101027-2/","404"
"posts-post","/20250814093842/","404"
"posts-post","/vereadores-acompanham-assinatura-de-ordem-de-servico-para-pavimentacao-de-12-ruas-em-sume/","404"
"posts-post","/20251121053733/","404"
"posts-post","/20250226013512-2/","404"
"posts-post","/20260112083309-2/","404"
"posts-post","/20250701093239/","404"
"posts-post","/20250605122441-2/","404"
"posts-post","/20250827114110/","404"
"posts-post","/20250926091415-2/","404"
"posts-post","/20250915115633/","404"
"posts-post","/20260112094626-2/","404"
"posts-post","/20250924050402-2/","404"
"posts-post","/camara-de-sume-aprova-requerimentos-e-debate-acoes-em-beneficio-da-populacao/","404"
"posts-post","/20250123025537-2/","404"
"posts-post","/camara-de-sume-realiza-34a-sessao-ordinaria-de-2025-e-encerra-ano-legislativo-produtivo/","301"
"posts-post","/20250226014307-2/","404"
"posts-post","/20250915120229-2/","404"
"posts-post","/20250127035158-2/","404"
"posts-post","/20250226102255-2/","404"
"posts-post","/20250605121742-2/","404"
"posts-post","/20260112091430-2/","404"
"posts-post","/camara-de-vereadores-de-sume-realiza-sessao-e-debate-assuntos-que-visam-melhorar-a-qualidade-de-vida-da-populacao-do-municipio/","301"
"posts-post","/16146-2/","301"
